Freq_Hz,T_meas_abs,T_fit_abs
18000000000,0.0674195576752844,0.0447467872599164
18013750000,0.0714278802242135,0.0446723466421285
18027500000,0.0695284325330173,0.0445980508251473
18041250000,0.066679137987912,0.0445238994740164
18055000000,0.0718160525865551,0.04444989225451
18068750000,0.0682751461623804,0.0443760288331337
18082500000,0.0705970162905965,0.0443023088771251
18096250000,0.0686153559892814,0.0442287320544549
18110000000,0.0707294848892762,0.0441552980338278
18123750000,0.0687703720741312,0.0440820064846829
18137500000,0.0656869449180839,0.0440088570771953
18151250000,0.0595070576699111,0.0439358494822763
18165000000,0.0593074426056155,0.0438629833715743
18178750000,0.0560897107540578,0.0437902584174761
18192500000,0.0593428571539847,0.0437176742931075
18206250000,0.0640619370720382,0.0436452306723338
18220000000,0.0640050083152277,0.0435729272297612
18233750000,0.0598301170679446,0.0435007636407373
18247500000,0.060457530380419,0.0434287395813521
18261250000,0.0611753619843384,0.0433568547284387
18275000000,0.0620060047299434,0.0432851087595741
18288750000,0.0609718539917492,0.0432135013530801
18302500000,0.0621257408846216,0.0431420321880242
18316250000,0.0591642594861529,0.0430707009442203
18330000000,0.0651631388429978,0.0429995073022294
18343750000,0.0596729523772482,0.0429284509433603
18357500000,0.0640493552989855,0.0428575315496707
18371250000,0.0672062741313075,0.042786748803968
18385000000,0.0655055018386831,0.0427161023898095
18398750000,0.0640621926792011,0.0426455919915036
18412500000,0.0650902592717554,0.0425752172941104
18426250000,0.0663906810125282,0.0425049779834425
18440000000,0.0635035306034725,0.0424348737460656
18453750000,0.0615610019794967,0.0423649042692992
18467500000,0.0622400931530123,0.042295069241217
18481250000,0.058845509379489,0.0422253683506485
18495000000,0.0567150995643587,0.0421558012871783
18508750000,0.0577010938660893,0.0420863677411478
18522500000,0.0558652285626799,0.0420170674036554
18536250000,0.0554805055568015,0.0419478999665569
18550000000,0.0481651066684326,0.0418788651224665
18563750000,0.0522738967634942,0.0418099625647572
18577500000,0.058129898442756,0.0417411919875611
18591250000,0.0558353451245271,0.0416725530857702
18605000000,0.0564851875422381,0.041604045555037
18618750000,0.0606499322382798,0.0415356690917744
18632500000,0.0581672235527231,0.0414674233931571
18646250000,0.0579723193691879,0.0413993081571212
18660000000,0.063567955317318,0.0413313230823649
18673750000,0.0628205068020297,0.0412634678683493
18687500000,0.0666789810583648,0.0411957422152981
18701250000,0.0666167676233536,0.0411281458241983
18715000000,0.0634448181847171,0.0410606783968009
18728750000,0.0630888072711865,0.0409933396356206
18742500000,0.0596816734122709,0.0409261292439363
18756250000,0.0591109070596344,0.0408590469257916
18770000000,0.0578655869328257,0.0407920923859948
18783750000,0.0544406583598573,0.0407252653301192
18797500000,0.0536511185801727,0.0406585654645035
18811250000,0.0541839077049618,0.0405919924962514
18825000000,0.050498480227897,0.0405255461332327
18838750000,0.0531073416645297,0.0404592260840824
18852500000,0.0562606011903275,0.0403930320582015
18866250000,0.0558124234197044,0.0403269637657569
18880000000,0.0536699375736676,0.0402610209176815
18893750000,0.0609128948855838,0.040195203225674
18907500000,0.0569898774230269,0.0401295104021991
18921250000,0.0557473812879996,0.0400639421604875
18935000000,0.0549901501405118,0.0399984982145358
18948750000,0.0575596761449644,0.0399331782791066
18962500000,0.056092450115254,0.039867982069728
18976250000,0.0580364512258616,0.0398029093026938
18990000000,0.0606930386586818,0.0397379596950633
19003750000,0.0654892575351788,0.0396731329646612
19017500000,0.0638891491812149,0.0396084288300772
19031250000,0.0563024684941069,0.0395438470106658
19045000000,0.055865195922549,0.0394793872265461
19058750000,0.0548755219396951,0.0394150491986018
19072500000,0.0551483562830056,0.0393508326484804
19086250000,0.0544766341262868,0.0392867372985931
19100000000,0.0491543701557993,0.0392227628721144
19113750000,0.0507920795649596,0.0391589090929819
19127500000,0.0502189725928819,0.0390951756858954
19141250000,0.0469852280086535,0.0390315623763172
19155000000,0.0473165821983818,0.0389680688904708
19168750000,0.0485580274079728,0.038904694955341
19182500000,0.0501456014799304,0.038841440298673
19196250000,0.0508160876578121,0.0387783046489724
19210000000,0.0507162107826953,0.0387152877355037
19223750000,0.0547786408644878,0.0386523892882905
19237500000,0.0535177126963039,0.0385896090381146
19251250000,0.0567518121990848,0.0385269467165151
19265000000,0.0624841207995108,0.0384644020557884
19278750000,0.0596209224677828,0.0384019747889863
19292500000,0.0641770938303157,0.0383396646499165
19306250000,0.0619144236515392,0.0382774713731409
19320000000,0.0588708405806467,0.0382153946939756
19333750000,0.0608818100163596,0.0381534343484894
19347500000,0.0600515931405764,0.0380915900735029
19361250000,0.0580857799066402,0.0380298616065884
19375000000,0.0560047572026478,0.0379682486860682
19388750000,0.0531085761241687,0.037906751051014
19402500000,0.0529529396406242,0.0378453684412459
19416250000,0.0505683377860467,0.0377841005973313
19430000000,0.0463087970687909,0.0377229472605842
19443750000,0.0491415765265678,0.0376619081730637
19457500000,0.0498921065886205,0.0376009830775732
19471250000,0.047950692291393,0.0375401717176592
19485000000,0.0489936230229899,0.0374794738376105
19498750000,0.0510278778539214,0.0374188891824565
19512500000,0.0485124503865919,0.0373584174979664
19526250000,0.0509948877243365,0.0372980585306479
19540000000,0.0483571421539903,0.0372378120277458
19553750000,0.0465349522497328,0.0371776777372413
19567500000,0.0491629147792574,0.0371176554078501
19581250000,0.0550514811430362,0.0370577447890212
19595000000,0.052914142299505,0.0369979456309359
19608750000,0.0536254542552065,0.0369382576845063
19622500000,0.0572118861574104,0.0368786807013736
19636250000,0.0575914700161128,0.0368192144339073
19650000000,0.0576026225980974,0.0367598586352032
19663750000,0.0577873629051728,0.0367006130590823
19677500000,0.0610852369335858,0.0366414774600891
19691250000,0.05423976952591,0.0365824515934903
19705000000,0.0570918802818558,0.0365235352152733
19718750000,0.0539143905587484,0.0364647280821442
19732500000,0.0512899122089561,0.0364060299515271
19746250000,0.0499553826620712,0.0363474405815614
19760000000,0.0535181683617574,0.0362889597311011
19773750000,0.0525908737856912,0.0362305871597128
19787500000,0.0519845252372785,0.0361723226276741
19801250000,0.0465824396275533,0.0361141658959717
19815000000,0.0483871150579783,0.0360561167263001
19828750000,0.0482943776729218,0.0359981748810597
19842500000,0.0493498236331285,0.0359403401233546
19856250000,0.0474890144926126,0.0358826122169918
19870000000,0.0477949637140049,0.0358249909264784
19883750000,0.0533332973191932,0.0357674760170207
19897500000,0.0531553794609187,0.0357100672545214
19911250000,0.0469114789015667,0.0356527644055789
19925000000,0.0471883317290381,0.0355955672374842
19938750000,0.0518752249664338,0.0355384755182202
19952500000,0.048175899582985,0.0354814890164586
19966250000,0.0498309171792005,0.0354246075015592
19980000000,0.049144649231131,0.035367830743567
19993750000,0.0499503110021923,0.0353111585132107
20007500000,0.0492763230410633,0.0352545905819006
20021250000,0.0455482941683254,0.0351981267217265
20035000000,0.0457834803657546,0.0351417667054561
20048750000,0.0486652034308871,0.0350855103065325
20062500000,0.0467914566388313,0.0350293572990722
20076250000,0.0455897279229781,0.0349733074578633
20090000000,0.0475250587379807,0.0349173605583633
20103750000,0.0456394720489167,0.034861516376697
20117500000,0.0467926316869283,0.0348057746896543
20131250000,0.047287670973542,0.0347501352746881
20145000000,0.0497902552228896,0.0346945979099124
20158750000,0.0499595351758826,0.0346391623740997
20172500000,0.0481869800248837,0.0345838284466792
20186250000,0.0443188623389436,0.0345285959077346
20200000000,0.0481886661888515,0.0344734645380016
20213750000,0.0477111392510046,0.0344184341188659
20227500000,0.0526644647475478,0.0343635044323611
20241250000,0.0515149724709046,0.0343086752611661
20255000000,0.0549672567019318,0.0342539463886034
20268750000,0.0508238075039851,0.0341993175986359
20282500000,0.0479517972910299,0.034144788675866
20296250000,0.0428787615762511,0.034090359405532
20310000000,0.0417779864516895,0.0340360295735063
20323750000,0.0396397857834243,0.0339817989662936
20337500000,0.0432274755038103,0.0339276673710275
20351250000,0.0372322834809627,0.0338736345754693
20365000000,0.0392931542211601,0.0338197003680049
20378750000,0.0433228946238693,0.0337658645376427
20392500000,0.0427474706509365,0.0337121268740113
20406250000,0.0399637448758884,0.0336584871673569
20420000000,0.0399594992420503,0.0336049452085412
20433750000,0.0393618575925998,0.033551500789039
20447500000,0.0418063370027149,0.0334981537009355
20461250000,0.0425721609071923,0.0334449037369243
20475000000,0.044608258542699,0.0333917506903047
20488750000,0.0458245344041028,0.0333386943549792
20502500000,0.0475389488586992,0.0332857345254516
20516250000,0.0486434460275478,0.033232870996824
20530000000,0.047921754688347,0.0331801035647947
20543750000,0.0547952350283219,0.0331274320256556
20557500000,0.0495945044851204,0.0330748561762897
20571250000,0.049736352931465,0.033022375814169
20585000000,0.0416913803367708,0.0329699907373515
20598750000,0.0428630995255675,0.0329177007444793
20612500000,0.0395310560805089,0.0328655056347757
20626250000,0.0445517240170573,0.0328134052080429
20640000000,0.0410741220429264,0.0327613992646596
20653750000,0.0415901279336941,0.0327094876055785
20667500000,0.0406277199819367,0.0326576700323234
20681250000,0.0381182291617066,0.0326059463469876
20695000000,0.0390967018176132,0.0325543163522304
20708750000,0.0413246539513907,0.0325027798512755
20722500000,0.0394408123741543,0.0324513366479079
20736250000,0.042154840725866,0.0323999865464716
20750000000,0.0445652824115667,0.0323487293518672
20763750000,0.042152055212158,0.0322975648695494
20777500000,0.0445925476990055,0.0322464929055242
20791250000,0.044065562731715,0.0321955132663469
20805000000,0.0448997435123953,0.0321446257591192
20818750000,0.0456576562680913,0.032093830191487
20832500000,0.0442092777143652,0.0320431263716375
20846250000,0.0463439196427345,0.0319925141082971
20860000000,0.0465243553314456,0.0319419932107288
20873750000,0.0471270291113802,0.0318915634887297
20887500000,0.0491732559357286,0.0318412247526283
20901250000,0.0437689617975213,0.0317909768132823
20915000000,0.0459477350760743,0.031740819482076
20928750000,0.0379230955365216,0.031690752570918
20942500000,0.0377112080952094,0.0316407758922381
20956250000,0.0346169311129101,0.0315908892589856
20970000000,0.0358509473038101,0.0315410924846265
20983750000,0.0349045565157797,0.0314913853831408
20997500000,0.0376593893012111,0.0314417677690203
21011250000,0.0381023013459884,0.0313922394572661
21025000000,0.0370962923520708,0.0313428002633861
21038750000,0.0381380298938952,0.0312934500033926
21052500000,0.0383220430653173,0.0312441884937997
21066250000,0.0436010021854369,0.031195015551621
21080000000,0.0414381775797525,0.0311459309943672
21093750000,0.0447145893178835,0.0310969346400433
21107500000,0.0454123950957605,0.0310480263071467
21121250000,0.0466753709098634,0.0309992058146644
21135000000,0.0458445169417768,0.0309504729820707
21148750000,0.0488082872475115,0.0309018276293248
21162500000,0.046887599139939,0.0308532695768683
21176250000,0.0469123515124576,0.0308047986456229
21190000000,0.0447622169811069,0.0307564146569881
21203750000,0.0420069058004709,0.0307081174328384
21217500000,0.0394451094109873,0.0306599067955215
21231250000,0.0396353304668995,0.0306117825678555
21245000000,0.0368486943667008,0.0305637445731266
21258750000,0.0360113660215671,0.030515792635087
21272500000,0.0316575518280759,0.0304679265779521
21286250000,0.0333566124796506,0.0304201462263988
21300000000,0.0312579035397491,0.0303724514055625
21313750000,0.030883608525689,0.0303248419410352
21327500000,0.0327507666342987,0.030277317658863
21341250000,0.033741259857913,0.0302298783855438
21355000000,0.0366343753535887,0.0301825239480252
21368750000,0.0363461774320165,0.0301352541737021
21382500000,0.0383372712197683,0.0300880688904142
21396250000,0.0418631581846075,0.0300409679264441
21410000000,0.0413094889947429,0.0299939511105149
21423750000,0.0425225243325158,0.0299470182717878
21437500000,0.0436834578224358,0.0299001692398601
21451250000,0.0455983598210377,0.0298534038447628
21465000000,0.0493291303365616,0.0298067219169586
21478750000,0.043338551642247,0.0297601232873394
21492500000,0.0405692373720563,0.0297136077872244
21506250000,0.0405638222342424,0.0296671752483576
21520000000,0.0381185166541103,0.0296208255029061
21533750000,0.0378628006456446,0.0295745583834573
21547500000,0.0331269516082865,0.0295283737230175
21561250000,0.0345753712617092,0.029482271355009
21575000000,0.031307666150421,0.0294362511132686
21588750000,0.0326198574632343,0.0293903128320453
21602500000,0.0283647048728903,0.0293444563459979
21616250000,0.0318630534672363,0.0292986814901932
21630000000,0.0307498991656115,0.029252988100104
21643750000,0.0278571310388328,0.029207376011607
21657500000,0.0304948753443812,0.0291618450609804
21671250000,0.0347098045910614,0.0291163950849023
21685000000,0.035900442844226,0.0290710259204486
21698750000,0.0351182385597796,0.0290257374050906
21712500000,0.0368403808503515,0.0289805293766935
21726250000,0.0360723066555645,0.0289354016735144
21740000000,0.038120609664123,0.0288903541341997
21753750000,0.0397201446610126,0.028845386597784
21767500000,0.0360636670069963,0.0288004989036874
21781250000,0.0381834327903404,0.0287556908917142
21795000000,0.0404681545160717,0.0287109624020505
21808750000,0.0382149944588009,0.0286663132752626
21822500000,0.038045127839281,0.0286217433522948
21836250000,0.0376137248723524,0.028577252474468
21850000000,0.037348991678439,0.0285328404834773
21863750000,0.0337003989247893,0.0284885072213906
21877500000,0.0317069433601392,0.0284442525306463
21891250000,0.0281059335557081,0.0284000762540521
21905000000,0.0327317792771146,0.0283559782347826
21918750000,0.027244685298732,0.0283119583163777
21932500000,0.0301511334922755,0.0282680163427411
21946250000,0.0308169618564311,0.0282241521581381
21960000000,0.0302434029203635,0.028180365607194
21973750000,0.0277192355588477,0.0281366565348928
21987500000,0.0296904435832763,0.0280930247865746
22001250000,0.0321923377131146,0.0280494702079347
22015000000,0.0355727084273657,0.0280059926450214
22028750000,0.03480174953521,0.0279625919442348
22042500000,0.0377376845411403,0.0279192679523243
22056250000,0.0395941564321521,0.0278760205163882
22070000000,0.0364317232782058,0.0278328494838707
22083750000,0.037800745952788,0.0277897547025615
22097500000,0.0358093835786362,0.0277467360205933
22111250000,0.038033537795265,0.0277037932864406
22125000000,0.0358044505588506,0.027660926348918
22138750000,0.0348387861255201,0.0276181350571789
22152500000,0.0336214437564114,0.0275754192607137
22166250000,0.0337337935320365,0.0275327788093481
22180000000,0.0304320017325098,0.0274902135532421
22193750000,0.0285985246851655,0.027447723342888
22207500000,0.0281759789737747,0.0274053080291091
22221250000,0.0259947483562263,0.0273629674630585
22235000000,0.0248112422770912,0.0273207014962171
22248750000,0.0279486551231743,0.0272785099803925
22262500000,0.0260744926826757,0.0272363927677174
22276250000,0.0283550840698801,0.0271943497106485
22290000000,0.0287327477421026,0.0271523806619648
22303750000,0.0307030575909806,0.0271104854747661
22317500000,0.031079783113284,0.0270686640024721
22331250000,0.0329654403164186,0.0270269160988206
22345000000,0.0371500891007303,0.0269852416178663
22358750000,0.036196411207441,0.0269436404139795
22372500000,0.0336600212611427,0.0269021123418447
22386250000,0.0380784913361045,0.0268606572564597
22400000000,0.0364455863033043,0.0268192750131335
22413750000,0.0346186172110423,0.0267779654674857
22427500000,0.0363603884367554,0.0267367284754452
22441250000,0.0333507551786081,0.0266955638932486
22455000000,0.033851879782703,0.0266544715774393
22468750000,0.0327143658162444,0.0266134513848659
22482500000,0.031414748227085,0.0265725031726817
22496250000,0.0320335756246902,0.0265316267983426
22510000000,0.0306936779216862,0.0264908221196066
22523750000,0.0266564831356919,0.0264500889945325
22537500000,0.0270663965383153,0.0264094272814785
22551250000,0.0250476521972292,0.0263688368391014
22565000000,0.0235800555248046,0.0263283175263551
22578750000,0.0261515505773572,0.02628786920249
22592500000,0.0220539464682802,0.0262474917270514
22606250000,0.0254013431139236,0.0262071849598788
22620000000,0.0269196861056211,0.0261669487611045
22633750000,0.0251745213950344,0.0261267829911528
22647500000,0.0288080020879104,0.0260866875107391
22661250000,0.0325774340038771,0.0260466621808683
22675000000,0.0297553938900804,0.0260067068628343
22688750000,0.035718086897775,0.0259668214182188
22702500000,0.0335140361234667,0.0259270057088905
22716250000,0.0337736721273314,0.025887259597004
22730000000,0.0329212532615769,0.0258475829449984
22743750000,0.0327386629197872,0.0258079756155973
22757500000,0.0326041185815882,0.0257684374718068
22771250000,0.0322921721043016,0.0257289683769157
22785000000,0.0314090553068679,0.0256895681944935
22798750000,0.0322119621082937,0.0256502367883901
22812500000,0.0299477994115133,0.0256109740227351
22826250000,0.0288383010900116,0.0255717797619362
22840000000,0.026645969293548,0.025532653870679
22853750000,0.0249565125088562,0.0254935962139259
22867500000,0.0261915598470521,0.0254546066569153
22881250000,0.0236425291276907,0.0254156850651605
22895000000,0.0248442893030145,0.0253768313044495
22908750000,0.0262487234007886,0.0253380452408435
22922500000,0.0260207648113187,0.0252993267406765
22936250000,0.0266531198018568,0.0252606756705547
22950000000,0.0276975164911497,0.025222091897355
22963750000,0.0256148087857533,0.0251835752882252
22977500000,0.0243746635701681,0.0251451257105824
22991250000,0.0246022929690834,0.0251067430321128
23005000000,0.0260269176873773,0.0250684271207706
23018750000,0.0286784157752327,0.0250301778447778
23032500000,0.0280676730044231,0.024991995072623
23046250000,0.0260070302173892,0.0249538786730607
23060000000,0.028905062973844,0.0249158285151111
23073750000,0.0259169285454054,0.0248778444680588
23087500000,0.028945868264952,0.0248399264014528
23101250000,0.0277281603180021,0.0248020741851051
23115000000,0.0252557928142521,0.0247642876890907
23128750000,0.0231268778749205,0.0247265667837467
23142500000,0.0244950928169426,0.0246889113396716
23156250000,0.0288511130407995,0.0246513212277248
23170000000,0.0269140004163746,0.0246137963190259
23183750000,0.0263808954041459,0.0245763364849542
23197500000,0.0234299825074669,0.0245389415971481
23211250000,0.0255654699890694,0.0245016115275044
23225000000,0.0252023426180316,0.0244643461481781
23238750000,0.0228652229044133,0.024427145331581
23252500000,0.0271329017304644,0.0243900089503823
23266250000,0.026802077978831,0.024352936877507
23280000000,0.0263495506376652,0.0243159289861362
23293750000,0.0287977016804414,0.0242789851497058
23307500000,0.0263426639208821,0.0242421052419068
23321250000,0.0284741353927882,0.024205289136684
23335000000,0.0267136636899629,0.024168536708236
23348750000,0.0266947229895941,0.0241318478310146
23362500000,0.0264762819688107,0.0240952223797242
23376250000,0.0261132565152308,0.0240586602293214
23390000000,0.0246606105639884,0.0240221612550146
23403750000,0.0256465578490583,0.0239857253322633
23417500000,0.0231945819789653,0.0239493523367779
23431250000,0.0276843421544433,0.0239130421445192
23445000000,0.0233501662255064,0.0238767946316978
23458750000,0.0225774036747197,0.0238406096747737
23472500000,0.0203501605243088,0.0238044871504562
23486250000,0.0215376110612564,0.0237684269357028
23500000000,0.020576733008149,0.0237324289077196
23513750000,0.0235894656481834,0.0236964929439601
23527500000,0.0225792799002096,0.0236606189221256
23541250000,0.0269657431883848,0.0236248067201639
23555000000,0.0262359983279908,0.0235890562162697
23568750000,0.0273808490491706,0.0235533672888839
23582500000,0.0226865910456028,0.023517739816693
23596250000,0.0257273827975946,0.0234821736786292
23610000000,0.0246893041576317,0.0234466687538695
23623750000,0.0244754990209678,0.0234112249218358
23637500000,0.0255677316019101,0.0233758420621943
23651250000,0.0274661650119199,0.0233405200548552
23665000000,0.0253519288703021,0.0233052587799723
23678750000,0.0225844738550368,0.0232700581179427
23692500000,0.0249288982042,0.0232349179494065
23706250000,0.0222458853224082,0.0231998381552464
23720000000,0.0257057438669468,0.0231648186165875
23733750000,0.0221278751807858,0.0231298592147968
23747500000,0.020087366205267,0.0230949598314828
23761250000,0.0194864418498163,0.0230601203484957
23775000000,0.0202925293302693,0.0230253406479263
23788750000,0.0182701642987824,0.0229906206121065
23802500000,0.0229634247795384,0.0229559601236083
23816250000,0.0200863153331195,0.0229213590652442
23830000000,0.0227750042819377,0.0228868173200661
23843750000,0.0220091490217585,0.0228523347713656
23857500000,0.0179623471678661,0.0228179113026737
23871250000,0.0222942940113963,0.0227835467977602
23885000000,0.0233618218793961,0.0227492411406334
23898750000,0.0225577503807476,0.0227149942155403
23912500000,0.0260058175420183,0.022680805906966
23926250000,0.0269472922132294,0.0226466760996331
23940000000,0.024615235633775,0.0226126046785022
23953750000,0.0222683909686697,0.0225785915287709
23967500000,0.0201403024893865,0.0225446365358739
23981250000,0.0221749045886884,0.0225107395854829
23995000000,0.0221177755236364,0.0224769005635058
24008750000,0.0232861031161184,0.022443119356087
24022500000,0.0261839484048874,0.0224093958496067
24036250000,0.0226547986846651,0.0223757299306811
24050000000,0.0224687008299126,0.0223421214861617
24063750000,0.0213327852509686,0.0223085704031354
24077500000,0.0181039676617115,0.0222750765689239
24091250000,0.0159623838440537,0.0222416398710838
24105000000,0.0190063298908104,0.0222082601974064
24118750000,0.020036322228278,0.0221749374359169
24132500000,0.0208858172285618,0.0221416714748748
24146250000,0.0220153170830501,0.0221084622027732
24160000000,0.0223356270646066,0.022075309508339
24173750000,0.0249423514318989,0.0220422132805323
24187500000,0.0251563286951021,0.0220091734085462
24201250000,0.0242126347291208,0.0219761897818067
24215000000,0.0245605144264253,0.0219432622899726
24228750000,0.0214433282013378,0.0219103908229347
24242500000,0.0230909941308848,0.0218775752708164
24256250000,0.0212802331502013,0.0218448155239727
24270000000,0.02076476963337,0.0218121114729904
24283750000,0.0223348509296091,0.0217794630086877
24297500000,0.0235471051939055,0.0217468700221142
24311250000,0.0250651133868689,0.0217143324045502
24325000000,0.0199173190093968,0.0216818500475072
24338750000,0.0210455774275768,0.0216494228427268
24352500000,0.0167045344472117,0.0216170506821811
24366250000,0.0187350178166582,0.0215847334580724
24380000000,0.0178686846948583,0.0215524710628327
24393750000,0.0178905368810182,0.0215202633891237
24407500000,0.0174125390441903,0.0214881103298363
24421250000,0.0193968085410444,0.021456011778091
24435000000,0.0196514426830001,0.0214239676272368
24448750000,0.0204675466742885,0.0213919777708515
24462500000,0.0194757851807162,0.0213600421027417
24476250000,0.0216121873738178,0.0213281605169418
24490000000,0.0206556005607724,0.0212963329077145
24503750000,0.0202628748811309,0.0212645591695501
24517500000,0.0229019230967858,0.0212328391971666
24531250000,0.0250633964019851,0.0212011728855093
24545000000,0.0228422745122849,0.0211695601297505
24558750000,0.0269012455451565,0.0211380008252894
24572500000,0.0236767962511371,0.0211064948677516
24586250000,0.0209079816073009,0.0210750421529895
24600000000,0.0205264933315709,0.0210436425770812
24613750000,0.0199921885128997,0.0210122960363309
24627500000,0.0194852405533852,0.0209810024272684
24641250000,0.0191712864531954,0.0209497616466489
24655000000,0.01832521415322,0.0209185735914529
24668750000,0.0194705433893929,0.0208874381588855
24682500000,0.0188115022200349,0.0208563552463768
24696250000,0.0151255925879135,0.020825324751581
24710000000,0.0180227623875149,0.0207943465723768
24723750000,0.0155861073603205,0.0207634206068667
24737500000,0.02047002953476,0.0207325467533766
24751250000,0.0198649861330789,0.0207017249104562
24765000000,0.0201730359661103,0.0206709549768782
24778750000,0.0185135563801532,0.0206402368516381
24792500000,0.0220306687021139,0.0206095704339542
24806250000,0.020158084684297,0.020578955623267
24820000000,0.02339601987821,0.0205483923192393
24833750000,0.0200146474592244,0.0205178804217557
24847500000,0.0192892227714098,0.0204874198309222
24861250000,0.0192164536121655,0.0204570104470663
24875000000,0.0201104122970895,0.0204266521707364
24888750000,0.0206888688425417,0.0203963449027018
24902500000,0.0183821350845392,0.0203660885439523
24916250000,0.0207374767104711,0.0203358829956977
24930000000,0.0168143729344284,0.0203057281593679
24943750000,0.0176190905600608,0.0202756239366125
24957500000,0.0189714989084257,0.0202455702293003
24971250000,0.0148722350558264,0.0202155669395193
24985000000,0.0158689059505215,0.0201856139695762
24998750000,0.0190712022124924,0.0201557112219962
25012500000,0.0189868536400445,0.0201258585995227
25026250000,0.0173996501331119,0.0200960560051173
25040000000,0.0196502814493571,0.0200663033419587
25053750000,0.0189217633713635,0.0200366005134432
25067500000,0.0205031217802406,0.0200069474231842
25081250000,0.0192472284132918,0.0199773439750115
25095000000,0.0171709963438102,0.0199477900729717
25108750000,0.0179450345197434,0.019918285621327
25122500000,0.0234439443648528,0.0198888305245558
25136250000,0.0220259530834227,0.0198594246873516
25150000000,0.0204148542605912,0.0198300680146233
25163750000,0.0219472669220416,0.0198007604114945
25177500000,0.0218860412819985,0.0197715017833035
25191250000,0.0217234123254405,0.0197422920356023
25205000000,0.0211991959213882,0.0197131310741571
25218750000,0.0188673766224249,0.0196840188049476
25232500000,0.0187275593310602,0.0196549551341667
25246250000,0.0155962175844959,0.0196259399682198
25260000000,0.0160510939521611,0.0195969732137253
25273750000,0.0121316019033418,0.0195680547775134
25287500000,0.0162354742066528,0.0195391845666262
25301250000,0.0173912446438422,0.0195103624883175
25315000000,0.0181757579504054,0.0194815884500518
25328750000,0.0187408502288499,0.0194528623595047
25342500000,0.0157475859393756,0.0194241841245622
25356250000,0.0187577493872325,0.0193955536533201
25370000000,0.0180038491794393,0.0193669708540843
25383750000,0.0200103663034828,0.0193384356353697
25397500000,0.0195369001477013,0.0193099479059004
25411250000,0.0240421572510557,0.019281507574609
25425000000,0.0248285268375688,0.0192531145506363
25438750000,0.0214524464128805,0.0192247687433312
25452500000,0.0201457865102218,0.0191964700622497
25466250000,0.0211700689697188,0.0191682184171553
25480000000,0.0186749082020216,0.0191400137180181
25493750000,0.0178617479312076,0.0191118558750144
25507500000,0.0226928651270897,0.0190837447985268
25521250000,0.0211306279239354,0.0190556803991432
25535000000,0.0238095484016542,0.0190276625876568
25548750000,0.0242184198456402,0.0189996912750657
25562500000,0.0178277788218675,0.0189717663725721
25576250000,0.0168255547636444,0.0189438877915825
25590000000,0.0134469755909445,0.018916055443707
25603750000,0.0160967635456676,0.0188882692407587
25617500000,0.0106676970212519,0.0188605290947538
25631250000,0.0135258308454414,0.0188328349179106
25645000000,0.0122387219607421,0.0188051866226495
25658750000,0.0154762354391805,0.0187775841215926
25672500000,0.0169495918034467,0.0187500273275629
25686250000,0.0184266621767757,0.0187225161535844
25700000000,0.0176632649487627,0.0186950505128812
25713750000,0.0164670339348026,0.0186676303188775
25727500000,0.016696656125262,0.0186402554851969
25741250000,0.0185352567593531,0.0186129259256619
25755000000,0.0201731389019217,0.018585641554294
25768750000,0.0233197788241851,0.0185584022853124
25782500000,0.0205755685974551,0.0185312080331345
25796250000,0.0231650364745994,0.0185040587123748
25810000000,0.0218825566749049,0.0184769542378447
25823750000,0.0222849356726543,0.018449894524552
25837500000,0.0206194096605187,0.0184228794877007
25851250000,0.0176055934378473,0.0183959090426902
25865000000,0.0176840259013594,0.0183689831051151
25878750000,0.0209760206698887,0.0183421015907646
25892500000,0.0145377173904731,0.0183152644156222
25906250000,0.0157138623717833,0.018288471495865
25920000000,0.0164559401968163,0.0182617227478636
25933750000,0.0136481911186057,0.0182350180881814
25947500000,0.0150728254388399,0.0182083574335742
25961250000,0.0150236266601842,0.0181817407009897
25975000000,0.0152225733514158,0.0181551678075673
25988750000,0.0140921484356826,0.0181286386706369
26002500000,0.0109033859469696,0.0181021532077195
26016250000,0.0156602153360854,0.018075711336526
26030000000,0.0206099119160115,0.0180493129749567
26043750000,0.0174169528074647,0.0180229580411015
26057500000,0.0174576203878193,0.0179966464532385
26071250000,0.0152251305905879,0.0179703781298342
26085000000,0.0183877532497006,0.017944152989543
26098750000,0.0164674226531816,0.0179179709512063
26112500000,0.0171263293560065,0.0178918319338523
26126250000,0.02076297325658,0.0178657358566956
26140000000,0.0178417746070385,0.0178396826391366
26153750000,0.0146422280091966,0.017813672200761
26167500000,0.0198845986940672,0.0177877044613392
26181250000,0.0170317845353798,0.0177617793408262
26195000000,0.0184335218632294,0.0177358967593608
26208750000,0.0159851813960075,0.017710056637265
26222500000,0.0160798511312979,0.017684258895044
26236250000,0.0145409179274905,0.0176585034533851
26250000000,0.0150536946264431,0.0176327902331578
26263750000,0.0144961658037297,0.0176071191554127
26277500000,0.0156727821138682,0.0175814901413817
26291250000,0.0140704912881657,0.0175559031124768
26305000000,0.0146181920966042,0.01753035799029
26318750000,0.0191688637737547,0.017504854696593
26332500000,0.0209601031734587,0.0174793931533361
26346250000,0.0149559205895165,0.0174539732826481
26360000000,0.0179286246485579,0.017428595006836
26373750000,0.0186141277904298,0.0174032582483839
26387500000,0.0199017908003933,0.0173779629299531
26401250000,0.0194014144952926,0.0173527089743812
26415000000,0.0199868947824128,0.0173274963046816
26428750000,0.0209612681223127,0.0173023248440435
26442500000,0.0171428738728217,0.0172771945158306
26456250000,0.0157213871175825,0.0172521052435813
26470000000,0.0167318168574855,0.0172270569510078
26483750000,0.0131987183289131,0.0172020495619957
26497500000,0.0139692662999745,0.0171770830006036
26511250000,0.0167947323970103,0.0171521571910623
26525000000,0.0170164223760315,0.0171272720577746
26538750000,0.0154344611876899,0.0171024275253147
26552500000,0.0155455332338045,0.0170776235184276
26566250000,0.0148688433885807,0.0170528599620286
26580000000,0.0153957513410605,0.0170281367812029
26593750000,0.0148390303862055,0.0170034539012051
26607500000,0.0148419741470786,0.0169788112474586
26621250000,0.0144200420655778,0.0169542087455549
26635000000,0.0153292111923184,0.0169296463212537
26648750000,0.0167922764671067,0.0169051239004816
26662500000,0.015369406951701,0.0168806414093321
26676250000,0.0180137396247008,0.0168561987740651
26690000000,0.0175283937190389,0.0168317959211062
26703750000,0.0232265668289451,0.0168074327770461
26717500000,0.0187214489233436,0.0167831092686404
26731250000,0.0168840988788581,0.0167588253228088
26745000000,0.0148792319312626,0.0167345808666349
26758750000,0.0144439218191489,0.0167103758273653
26772500000,0.0153240748014408,0.0166862101324094
26786250000,0.0167954401175878,0.0166620837093387
26800000000,0.0151182225889171,0.0166379964858865
26813750000,0.0179339222592667,0.0166139483899471
26827500000,0.0178407759348275,0.0165899393495757
26841250000,0.0164838417798394,0.0165659692929873
26855000000,0.0151310601882021,0.0165420381485568
26868750000,0.0155293924655855,0.0165181458448182
26882500000,0.0122017521664163,0.0164942923104639
26896250000,0.0142873241999648,0.0164704774743448
26910000000,0.0135084274491927,0.0164467012654691
26923750000,0.0164355731095319,0.0164229636130021
26937500000,0.0176402920755144,0.0163992644462659
26951250000,0.0104291788473091,0.0163756036947385
26965000000,0.0138295233912091,0.0163519812880536
26978750000,0.0136360850813582,0.0163283971559998
26992500000,0.0172963551537085,0.0163048512285206
27006250000,0.0143173099044117,0.0162813434357134
27020000000,0.0194726079579183,0.0162578737078289
27033750000,0.0217772751812506,0.0162344419752715
27047500000,0.0215259003091654,0.0162110481685976
27061250000,0.0169126035760034,0.0161876922185159
27075000000,0.0160585772180019,0.0161643740558868
27088750000,0.0172574249344083,0.0161410936117216
27102500000,0.0128396589878968,0.0161178508171823
27116250000,0.0141484582279335,0.0160946456035808
27130000000,0.0125304086403675,0.0160714779023789
27143750000,0.0139196448491031,0.0160483476451873
27157500000,0.0156635613707346,0.0160252547637653
27171250000,0.0145563433449393,0.0160021991900205
27185000000,0.0153611505160105,0.015979180856008
27198750000,0.0147147614064424,0.0159561996939301
27212500000,0.015070962982027,0.0159332556361357
27226250000,0.0136428184396878,0.0159103486151199
27240000000,0.0137429958383832,0.0158874785635235
27253750000,0.015267500206326,0.0158646454141326
27267500000,0.0163693818765904,0.0158418490998779
27281250000,0.0153967758489792,0.0158190895538345
27295000000,0.0140958061129489,0.0157963667092209
27308750000,0.0159500135004402,0.0157736804993994
27322500000,0.0137092419643582,0.0157510308578748
27336250000,0.0143916260944076,0.0157284177182943
27350000000,0.0147011807777046,0.015705841014447
27363750000,0.01476624979008,0.0156833006802633
27377500000,0.017534089509756,0.0156607966498147
27391250000,0.0175237247910885,0.015638328857313
27405000000,0.0165740089755339,0.0156158972371101
27418750000,0.0151653842960345,0.0155935017236973
27432500000,0.0135141100155742,0.0155711422517051
27446250000,0.0154634954053795,0.0155488187559025
27460000000,0.0161466972081074,0.0155265311711967
27473750000,0.0154240915445666,0.0155042794326326
27487500000,0.0146915992601878,0.0154820634753922
27501250000,0.0121967378194956,0.0154598832347943
27515000000,0.0123900644229726,0.0154377386462942
27528750000,0.0144091651951877,0.015415629645483
27542500000,0.0149922004219914,0.0153935561680869
27556250000,0.0140977102183416,0.0153715181499674
27570000000,0.0165326398738989,0.0153495155271205
27583750000,0.0151208596656505,0.0153275482356762
27597500000,0.016854960907047,0.015305616211898
27611250000,0.0169830351046971,0.0152837193921829
27625000000,0.0137966340705309,0.0152618577130603
27638750000,0.0136615210740962,0.0152400311111923
27652500000,0.018386832626059,0.0152182395233724
27666250000,0.0192308058675792,0.0151964828865261
27680000000,0.0169094510676729,0.0151747611377094
27693750000,0.0164182042233456,0.0151530742141093
27707500000,0.0146771792404148,0.0151314220530426
27721250000,0.0142070243465404,0.0151098045919562
27735000000,0.0138385729497766,0.015088221768426
27748750000,0.013243117094735,0.015066673520157
27762500000,0.0129170533455581,0.0150451597849825
27776250000,0.0131419453551002,0.015023680500864
27790000000,0.0145499583330985,0.0150022356058906
27803750000,0.015406253251799,0.0149808250382785
27817500000,0.0132379963340736,0.014959448736371
27831250000,0.0133942146746363,0.0149381066386374
27845000000,0.0156465781255047,0.0149167986836734
27858750000,0.0145235944499167,0.0148955248102
27872500000,0.0120302488503387,0.0148742849570636
27886250000,0.0149305273312145,0.0148530790632353
27900000000,0.0137977982450639,0.0148319070678106
27913750000,0.0178833551983634,0.014810768910009
27927500000,0.0152460320231246,0.0147896645291735
27941250000,0.0139366068206988,0.0147685938647706
27955000000,0.0167032825543429,0.0147475568563893
27968750000,0.0150138587276297,0.0147265534437412
27982500000,0.0141738106171199,0.01470558356666
27996250000,0.0146185676884087,0.0146846471651009
28010000000,0.0122067423393027,0.0146637441791405
28023750000,0.0157309898760029,0.0146428745489764
28037500000,0.014258608002417,0.0146220382149265
28051250000,0.0162188413641644,0.0146012351174291
28065000000,0.0159673974138671,0.014580465197042
28078750000,0.0129144484848848,0.0145597283944427
28092500000,0.0121177745384816,0.0145390246504277
28106250000,0.0108042112431429,0.014518353905912
28120000000,0.0128932894922714,0.0144977161019291
28133750000,0.0131904408487257,0.0144771111796305
28147500000,0.0130594060420032,0.014456539080285
28161250000,0.0147413152955179,0.0144359997452791
28175000000,0.0159488415664183,0.0144154931161157
28188750000,0.014924749103063,0.0143950191344147
28202500000,0.0128134655062968,0.0143745777419119
28216250000,0.0161629664823715,0.014354168880459
28230000000,0.0168850986445524,0.0143337924920233
28243750000,0.0161123762917013,0.0143134485186872
28257500000,0.016613966615062,0.0142931369026477
28271250000,0.017002662483708,0.0142728575862167
28285000000,0.016204346144954,0.01425261051182
28298750000,0.0149225888112195,0.0142323956219971
28312500000,0.014954486405465,0.0142122128594012
28326250000,0.0131128799086795,0.0141920621667986
28340000000,0.0101734408281457,0.0141719434870683
28353750000,0.0100038343824799,0.0141518567632018
28367500000,0.00807619021897607,0.014131801938303
28381250000,0.0116796523625026,0.0141117789555875
28395000000,0.0141040364979416,0.0140917877583822
28408750000,0.0152311644625633,0.0140718282901257
28422500000,0.0110384909996791,0.0140519004943672
28436250000,0.013906407108957,0.0140320043147665
28450000000,0.0121701689841672,0.0140121396950937
28463750000,0.0100770894667768,0.013992306579229
28477500000,0.0107556170092744,0.0139725049111622
28491250000,0.0141634659226211,0.0139527346349923
28505000000,0.0182167297105235,0.0139329956949277
28518750000,0.017743334661711,0.0139132880352853
28532500000,0.0176046146682636,0.0138936116004906
28546250000,0.016129225267634,0.0138739663350772
28560000000,0.0184867996264386,0.0138543521836867
28573750000,0.0132413488008211,0.0138347690910681
28587500000,0.0152558730300622,0.0138152170020781
28601250000,0.0148626312375251,0.0137956958616799
28615000000,0.014387631422236,0.0137762056149438
28628750000,0.0142376933129199,0.0137567462070465
28642500000,0.0113194431288945,0.0137373175832709
28656250000,0.0136773281326999,0.0137179196890057
28670000000,0.015436272227744,0.0136985524697453
28683750000,0.0145354654177576,0.0136792158710893
28697500000,0.0135979787234751,0.0136599098387428
28711250000,0.0111112052108892,0.0136406343185152
28725000000,0.0120496357795521,0.0136213892563208
28738750000,0.00874567211011289,0.013602174598178
28752500000,0.00901119108797658,0.0135829902902094
28766250000,0.0112459656268623,0.0135638362786412
28780000000,0.0145792040770327,0.0135447125098031
28793750000,0.0114915938043161,0.0135256189301282
28807500000,0.0123837076485945,0.0135065554861525
28821250000,0.0112577972341543,0.0134875221245146
28835000000,0.015166205298829,0.0134685187919558
28848750000,0.0132567107900741,0.0134495454353195
28862500000,0.0170050232677559,0.0134306020015512
28876250000,0.0133114738269366,0.0134116884376981
28890000000,0.0174749720099392,0.0133928046909087
28903750000,0.0196882277823722,0.0133739507084332
28917500000,0.0150022376711279,0.0133551264376224
28931250000,0.0162591400976789,0.0133363318259281
28945000000,0.0196337670525832,0.0133175668209025
28958750000,0.0120712935480044,0.0132988313701984
28972500000,0.0130419391886897,0.0132801254215683
28986250000,0.0114585263096453,0.0132614489228647
29000000000,0.0117362126028311,0.0132428018220399
29013750000,0.0110584174708717,0.0132241840671454
29027500000,0.0141751857713575,0.0132055956063318
29041250000,0.013353333554568,0.0131870363878489
29055000000,0.0135669438895365,0.013168506360045
29068750000,0.00968327537210497,0.013150005471367
29082500000,0.00914099371998019,0.01313153367036
29096250000,0.0112339905818316,0.0131130909056674
29110000000,0.00972021435841206,0.0130946771260301
29123750000,0.0122107517140717,0.0130762922802869
29137500000,0.0093765874796621,0.013057936317374
29151250000,0.012940745499988,0.0130396091863246
29165000000,0.0142071872569109,0.0130213108362693
29178750000,0.014680769501811,0.0130030412164351
29192500000,0.0109637296450984,0.0129848002761459
29206250000,0.0108790734913253,0.0129665879648218
29220000000,0.0168038888454767,0.0129484042319791
29233750000,0.0132845145779399,0.0129302490272303
29247500000,0.0132634559050533,0.0129121223002835
29261250000,0.0139721417227495,0.0128940240009423
29275000000,0.0136934871602789,0.0128759540791059
29288750000,0.0153669895080472,0.0128579124847687
29302500000,0.0124252320899252,0.01283989916802
29316250000,0.0158315066062904,0.0128219140790439
29330000000,0.0114043177262287,0.0128039571681192
29343750000,0.0105611104279044,0.0127860283856191
29357500000,0.0133449898357103,0.0127681276820111
29371250000,0.0107019901891121,0.0127502550078568
29385000000,0.012422344726847,0.0127324103138114
29398750000,0.0125932150149586,0.0127145935506242
29412500000,0.0119406808216745,0.0126968046691376
29426250000,0.0133282922731715,0.0126790436202877
29440000000,0.0142130568350072,0.0126613103551036
29453750000,0.00888795093925129,0.0126436048247072
29467500000,0.0133124184648396,0.0126259269803135
29481250000,0.0145994556308207,0.0126082767732298
29495000000,0.0120412710665431,0.0125906541548562
29508750000,0.0130674064230543,0.0125730590766847
29522500000,0.0105819824056823,0.0125554914902997
29536250000,0.0142198392295581,0.0125379513473772
29550000000,0.0175095773266376,0.0125204385996854
29563750000,0.0150727668057778,0.0125029531990837
29577500000,0.0147986302070723,0.0124854950975231
29591250000,0.0112693496274765,0.0124680642470457
29605000000,0.0105560930497626,0.0124506605997848
29618750000,0.0116180466918112,0.0124332841079646
29632500000,0.00968341079924894,0.0124159347239001
29646250000,0.0132989729227697,0.0123986123999968
29660000000,0.0148869519465153,0.0123813170887507
29673750000,0.0109402919088512,0.012364048742748
29687500000,0.0108343696859879,0.012346807314665
29701250000,0.0128876210923092,0.0123295927572681
29715000000,0.0111940743505896,0.0123124050234133
29728750000,0.0115681148917403,0.0122952440660464
29742500000,0.012262406220944,0.0122781098382025
29756250000,0.0113678919571754,0.0122610022930061
29770000000,0.0139176894111553,0.012243921383671
29783750000,0.0158002531454417,0.0122268670634998
29797500000,0.0113529202111715,0.0122098392858841
29811250000,0.0162073421560051,0.0121928380043041
29825000000,0.0136329357050485,0.0121758631723286
29838750000,0.0130258188868567,0.012158914743615
29852500000,0.0116997425105973,0.0121419926719087
29866250000,0.0106739663212647,0.0121250969110432
29880000000,0.0114064370014868,0.0121082274149401
29893750000,0.0125807625076275,0.0120913841376088
29907500000,0.0103905221719566,0.0120745670331463
29921250000,0.011286715554308,0.0120577760557372
29935000000,0.0110253859359694,0.0120410111596533
29948750000,0.0087887918945623,0.0120242722992539
29962500000,0.0106642285415761,0.0120075594289852
29976250000,0.00727941850165956,0.0119908725033803
29990000000,0.013894004362992,0.0119742114770592
30003750000,0.0102104182964296,0.0119575763047285
30017500000,0.0140449053325518,0.0119409669411815
30031250000,0.0141622199950153,0.0119243833412976
30045000000,0.0149437405032172,0.0119078254600425
30058750000,0.0142072584950591,0.0118912932524682
30072500000,0.0122295365159959,0.0118747866737123
30086250000,0.0136346617122221,0.0118583056789986
30100000000,0.00966565379115292,0.0118418502236363
30113750000,0.0108658674612445,0.0118254202630202
30127500000,0.0108502099992389,0.0118090157526305
30141250000,0.0121680115645062,0.0117926366480328
30155000000,0.0137944957008321,0.0117762829048776
30168750000,0.0100417437572141,0.0117599544789005
30182500000,0.0108322379531193,0.0117436513259221
30196250000,0.0118833972706178,0.0117273734018474
30210000000,0.0125219489186862,0.0117111206626662
30223750000,0.00850700903501318,0.0116948930644528
30237500000,0.0117334033847394,0.0116786905633655
30251250000,0.00883795779182342,0.0116625131156472
30265000000,0.00852102396435653,0.0116463606776246
30278750000,0.0123478108349688,0.0116302332057083
30292500000,0.0115806146247845,0.0116141306563928
30306250000,0.01252431533419,0.011598052986256
30320000000,0.0094733260007417,0.0115820001519597
30333750000,0.0108124329843641,0.0115659721102488
30347500000,0.013145584588895,0.0115499688179516
30361250000,0.013741535596825,0.0115339902319793
30375000000,0.0127203866308932,0.0115180363093262
30388750000,0.0146049655350789,0.0115021070070697
30402500000,0.0119433192879594,0.0114862022823695
30416250000,0.0143252854630184,0.0114703220924682
30430000000,0.0173961174099348,0.0114544663946908
30443750000,0.0149751018539661,0.0114386351464445
30457500000,0.0125179556767981,0.0114228283052188
30471250000,0.0111960019696105,0.0114070458285853
30485000000,0.00954996628141894,0.0113912876741976
30498750000,0.00970595079833696,0.0113755537997908
30512500000,0.00800991547782028,0.0113598441631821
30526250000,0.0107331777014284,0.01134415872227
30540000000,0.0110223229133791,0.0113284974350344
30553750000,0.00317281628560013,0.0113128602595366
30567500000,0.00910366634105572,0.011297247153919
30581250000,0.00704073664161427,0.0112816580764052
30595000000,0.005903111393506,0.0112660929852994
30608750000,0.00977862439628575,0.0112505518389869
30622500000,0.00832756038313819,0.0112350345959333
30636250000,0.00624180101237283,0.011219541214685
30650000000,0.00893963576454473,0.0112040716538687
30663750000,0.0104965023452068,0.0111886258721914
30677500000,0.013489039899541,0.0111732038284401
30691250000,0.0155902980540884,0.0111578054814818
30705000000,0.0133942995969909,0.0111424307902637
30718750000,0.0113597973429771,0.0111270797138122
30732500000,0.0160727860724629,0.0111117522112337
30746250000,0.0103540560618442,0.0110964482417141
30760000000,0.0107805621106496,0.0110811677645185
30773750000,0.00836295134785435,0.0110659107389912
30787500000,0.0118936253672958,0.0110506771245556
30801250000,0.0116674701615508,0.0110354668807143
30815000000,0.0111441081436558,0.0110202799670484
30828750000,0.0118337649711988,0.011005116343218
30842500000,0.00988295462102945,0.0109899759689616
30856250000,0.0102555556679599,0.0109748588040962
30870000000,0.00968537362847863,0.0109597648085171
30883750000,0.0109474266869385,0.0109446939421978
30897500000,0.0100439610358416,0.0109296461651899
30911250000,0.00797573345571488,0.0109146214376228
30925000000,0.00840860635429737,0.0108996197197039
30938750000,0.00823455608333904,0.0108846409717181
30952500000,0.00997327476110706,0.0108696851540279
30966250000,0.00960985392416229,0.0108547522270733
30980000000,0.0114964973035929,0.0108398421513713
30993750000,0.0153962930535331,0.0108249548875163
31007500000,0.0070309189298468,0.0108100903961796
31021250000,0.0139916306472886,0.0107952486381095
31035000000,0.0114348438469773,0.0107804295741309
31048750000,0.00915521368083898,0.0107656331651455
31062500000,0.0110343621717503,0.0107508593721313
31076250000,0.0115851882691446,0.0107361081561427
31090000000,0.0118705470882669,0.0107213794783105
31103750000,0.0116099036679242,0.0107066732998413
31117500000,0.0102943178710256,0.0106919895820179
31131250000,0.00991702477670064,0.0106773282861989
31145000000,0.00905500577562638,0.0106626893738185
31158750000,0.0076986625357594,0.0106480728063864
31172500000,0.0112358530242974,0.010633478545488
31186250000,0.00947412225273486,0.0106189065527838
31200000000,0.00952522122962301,0.0106043567900094
31213750000,0.00991835508611619,0.0105898292189756
31227500000,0.010257996965796,0.0105753238015681
31241250000,0.0104944480648665,0.0105608404997472
31255000000,0.0129911890071572,0.0105463792755479
31268750000,0.0124592956567071,0.0105319400910798
31282500000,0.012577722122103,0.0105175229085267
31296250000,0.0154183089612975,0.0105031276901467
31310000000,0.0147260665825613,0.010488754398272
31323750000,0.00910343471635809,0.0104744029953088
31337500000,0.0103174285069323,0.010460073443737
31351250000,0.00971799566670256,0.0104457657061102
31365000000,0.00816574143813614,0.0104314797450556
31378750000,0.0108656625279408,0.010417215523274
31392500000,0.00853659519846804,0.010402973003539
31406250000,0.0125504872376064,0.0103887521486978
31420000000,0.0123297855096088,0.0103745529216704
31433750000,0.00772769704908233,0.0103603752854497
31447500000,0.00642704610519954,0.0103462192031012
31461250000,0.00889244095471806,0.0103320846377632
31475000000,0.00839834724399605,0.0103179715526464
31488750000,0.00884819028219837,0.0103038799110337
31502500000,0.00826933239061431,0.0102898096762804
31516250000,0.011623494811002,0.0102757608118135
31530000000,0.0140684657969187,0.0102617332811322
31543750000,0.0105739255217056,0.0102477270478075
31557500000,0.00883060591819709,0.0102337420754816
31571250000,0.0107991440088624,0.0102197783278688
31585000000,0.0103716913076007,0.0102058357687542
31598750000,0.00994786949835333,0.0101919143619944
31612500000,0.0112961383125058,0.010178014071517
31626250000,0.0106756611174285,0.0101641348613205
31640000000,0.0107005396810855,0.0101502766954743
31653750000,0.0143695638896039,0.0101364395381183
31667500000,0.0114536600250247,0.0101226233534631
31681250000,0.0148623885171435,0.0101088281057893
31695000000,0.0098463322425875,0.0100950537594482
31708750000,0.0139740663959437,0.0100813002788608
31722500000,0.00977411084655019,0.0100675676285184
31736250000,0.00963248472912047,0.0100538557729816
31750000000,0.00933870153518761,0.0100401646768813
31763750000,0.00835279545786716,0.0100264943049174
31777500000,0.00991739886344299,0.0100128446218593
31791250000,0.00878633750461543,0.00999921559254594
31805000000,0.00857735892022239,0.00998560718188491
31818750000,0.0079578339710486,0.00997201935485306
31832500000,0.00508919169066844,0.00995845207649593
31846250000,0.00874713398416315,0.00994490531192774
31860000000,0.0102704150490725,0.00993137902633125
31873750000,0.00781088769615375,0.00991787318495761
31887500000,0.00905045760573275,0.00990438775312617
31901250000,0.0114930609225488,0.00989092269622441
31915000000,0.0105809528525522,0.00987747797970777
31928750000,0.0093553541343431,0.00986405356909945
31942500000,0.00919649334799278,0.00985064942999037
31956250000,0.0116286629444581,0.00983726552803893
31970000000,0.009775637503885,0.00982390182897091
31983750000,0.0125785335452184,0.00981055829857935
31997500000,0.0135093589750392,0.00979723490272439
32011250000,0.00678507612153925,0.00978393160733306
32025000000,0.00879663602803106,0.00977064837839919
32038750000,0.0108853751682492,0.00975738518198336
32052500000,0.00743461800191839,0.00974414198421254
32066250000,0.00922946426210697,0.00973091875128017
32080000000,0.00980015111136947,0.00971771544944583
32093750000,0.00691087799630832,0.0097045320450352
32107500000,0.00856926689480065,0.00969136850443991
32121250000,0.00725874886680075,0.00967822479411736
32135000000,0.00842575922091692,0.00966510088059064
32148750000,0.0100542145513457,0.00965199673044822
32162500000,0.0116549473267945,0.00963891231034405
32176250000,0.00987524955603642,0.00962584758699721
32190000000,0.00925991666607368,0.00961280252719187
32203750000,0.0110474240184599,0.00959977709777707
32217500000,0.00817855123962929,0.00958677126566665
32231250000,0.00695293802951446,0.00957378499783911
32245000000,0.00617567498558054,0.00956081826133738
32258750000,0.00978777512810405,0.0095478710232687
32272500000,0.0111211831915222,0.00953494325080454
32286250000,0.0118289835209297,0.00952203491118042
32300000000,0.012744207452522,0.00950914597169571
32313750000,0.00968349539578043,0.00949627639971354
32327500000,0.0086173058974146,0.00948342616266067
32341250000,0.0105008209192646,0.00947059522802727
32355000000,0.00861001727321654,0.00945778356336689
32368750000,0.00985128125769313,0.0094449911362962
32382500000,0.00969493387524934,0.00943221791449483
32396250000,0.00712285976899939,0.00941946386570541
32410000000,0.0080495450834663,0.00940672895773322
32423750000,0.00880237023690242,0.00939401315844613
32437500000,0.011174922617374,0.00938131643577442
32451250000,0.00714149554830273,0.00936863875771072
32465000000,0.0121062014808032,0.00935598009230979
32478750000,0.00961011423593449,0.00934334040768836
32492500000,0.0094735527545596,0.009330719672025
32506250000,0.0128570578416957,0.00931811785356005
32520000000,0.0095864606829181,0.00930553492059537
32533750000,0.0139989959608198,0.00929297084149424
32547500000,0.0133497094034538,0.00928042558468122
32561250000,0.0112889986964875,0.00926789911864199
32575000000,0.0123968272868318,0.00925539141192321
32588750000,0.00838554676689188,0.00924290243313236
32602500000,0.00781182643969569,0.00923043215093767
32616250000,0.00960358589831781,0.00921798053406785
32630000000,0.00802359571560677,0.00920554755131203
32643750000,0.00819017836839019,0.00919313317151963
32657500000,0.00594490675058414,0.00918073736360013
32671250000,0.00943135261481152,0.00916836009652303
32685000000,0.00851824939055874,0.00915600133931759
32698750000,0.00737115512676893,0.00914366106107281
32712500000,0.01034042691262,0.00913133923093721
32726250000,0.0114485790921042,0.00911903581811867
32740000000,0.00874642162591024,0.00910675079188433
32753750000,0.0102908999930295,0.00909448412156046
32767500000,0.00822950272209752,0.00908223577653225
32781250000,0.0139311870151779,0.00907000572624375
32795000000,0.0118327029944526,0.00905779394019764
32808750000,0.0107371170760875,0.00904560038795517
32822500000,0.0118417067465826,0.00903342503913592
32836250000,0.00655120060344513,0.0090212678634178
32850000000,0.00980599879228308,0.00900912883053676
32863750000,0.00664949310239725,0.00899700791028669
32877500000,0.00889893364136402,0.00898490507251939
32891250000,0.00894798195400024,0.00897282028714424
32905000000,0.0110463243279575,0.00896075352412817
32918750000,0.0109969091399605,0.00894870475349558
32932500000,0.00921534628621095,0.00893667394532803
32946250000,0.0104780189430495,0.00892466106976425
32960000000,0.0108107948345625,0.0089126660969999
32973750000,0.0108093833278508,0.00890068899728749
32987500000,0.00720099249509759,0.00888872974093621
33001250000,0.00562432286803871,0.00887678829831181
33015000000,0.00553373392945148,0.00886486463983645
33028750000,0.00665122936254618,0.00885295873598854
33042500000,0.0075662473539207,0.00884107055730262
33056250000,0.00877093135281229,0.00882920007436926
33070000000,0.00869852569479894,0.00881734725783482
33083750000,0.0110053687930099,0.00880551207840143
33097500000,0.00956295321422719,0.00879369450682677
33111250000,0.00933437142079873,0.00878189451392394
33125000000,0.00701867252359955,0.00877011207056136
33138750000,0.0127383319622853,0.00875834714766263
33152500000,0.0112401792047714,0.00874659971620634
33166250000,0.0131053692058614,0.00873486974722598
33180000000,0.00955935331340343,0.00872315721180979
33193750000,0.0131488230974927,0.00871146208110062
33207500000,0.00641127781740934,0.0086997843262958
33221250000,0.00758839996034909,0.00868812391864704
33235000000,0.00954249419000286,0.0086764808294602
33248750000,0.00988210400630237,0.00866485503009523
33262500000,0.00840206218940668,0.00865324649196604
33276250000,0.0120044980655456,0.00864165518654032
33290000000,0.00929635362928653,0.00863008108533943
33303750000,0.00805338995981262,0.0086185241599383
33317500000,0.00651503963505432,0.00860698438196523
33331250000,0.00222108760360094,0.00859546172310179
33345000000,0.00715225107985862,0.00858395615508268
33358750000,0.00555013556299282,0.00857246764969561
33372500000,0.00778677846280452,0.00856099617878119
33386250000,0.0109627975024094,0.00854954171423274
33400000000,0.00684992758066946,0.0085381042279962
33413750000,0.00795879159115653,0.00852668369206997
33427500000,0.0111099546240559,0.00851528007850484
33441250000,0.0112409046089752,0.00850389335940378
33455000000,0.00983293629805168,0.00849252350692185
33468750000,0.00943004464051117,0.00848117049326609
33482500000,0.00703251417599554,0.00846983429069533
33496250000,0.00830415826697539,0.00845851487152016
33510000000,0.00892884775558065,0.00844721220810271
33523750000,0.00996413393483289,0.00843592627285651
33537500000,0.0115370618417142,0.00842465703824649
33551250000,0.0134290759201726,0.00841340447678871
33565000000,0.00912353869756907,0.00840216856105033
33578750000,0.0100006214998573,0.00839094926364941
33592500000,0.00816650438862733,0.00837974655725485
33606250000,0.0076157297971493,0.00836856041458623
33620000000,0.00441388548214895,0.00835739080841368
33633750000,0.00732811335088044,0.00834623771155775
33647500000,0.00550539417863665,0.00833510109688935
33661250000,0.00915667417875649,0.00832398093732954
33675000000,0.0103716254914816,0.00831287720584944
33688750000,0.0107254804852256,0.00830178987547016
33702500000,0.00848150803988511,0.00829071891926255
33716250000,0.0107456785440839,0.00827966431034718
33730000000,0.00876100480049304,0.00826862602189429
33743750000,0.0100768116596776,0.00825760402712343
33757500000,0.010784820940798,0.00824659829930356
33771250000,0.0119279643086817,0.00823560881175283
33785000000,0.0101319297222111,0.00822463553783851
33798750000,0.00781788145827358,0.0082136784509768
33812500000,0.0106449005292803,0.00820273752463279
33826250000,0.00966435552533224,0.00819181273232027
33840000000,0.0102277763027386,0.00818090404760167
33853750000,0.00667842674225694,0.00817001144408789
33867500000,0.00979505396024869,0.00815913489543827
33881250000,0.00852211623543735,0.00814827437536034
33895000000,0.00872459858182219,0.00813742985760981
33908750000,0.00840900257391563,0.00812660131599046
33922500000,0.0105222020477535,0.00811578872435388
33936250000,0.00681628176045234,0.00810499205659957
33950000000,0.00854405220253463,0.00809421128667465
33963750000,0.0077795188733104,0.00808344638857386
33977500000,0.0100224952343223,0.00807269733633935
33991250000,0.00897026013248235,0.00806196410406061
34005000000,0.00930997699103893,0.00805124666587442
34018750000,0.00852722481057285,0.0080405449959646
34032500000,0.00688067643521711,0.00802985906856205
34046250000,0.0099897851872218,0.00801918885794454
34060000000,0.00411222184875156,0.00800853433843657
34073750000,0.0103604966700717,0.00799789548440939
34087500000,0.00859607546893734,0.00798727227028079
34101250000,0.00742871931759465,0.00797666467051496
34115000000,0.00987291008303281,0.00796607265962252
34128750000,0.0125760626158203,0.00795549621216027
34142500000,0.00688271500281451,0.00794493530273114
34156250000,0.0115288221142852,0.00793438990598409
34170000000,0.0094740201781206,0.007923859996614
34183750000,0.0093178922931178,0.00791334554936153
34197500000,0.00872638886781314,0.00790284653901305
34211250000,0.00967898592501521,0.00789236294040055
34225000000,0.00473032598618793,0.00788189472840145
34238750000,0.00818074161376478,0.00787144187793858
34252500000,0.00605441674400535,0.00786100436398008
34266250000,0.00835930825958998,0.00785058216153918
34280000000,0.00524245066869277,0.00784017524567428
34293750000,0.0113403660541748,0.00782978359148865
34307500000,0.00907267716628621,0.00781940717413047
34321250000,0.00971600024764266,0.00780904596879268
34335000000,0.00434527653711173,0.00779869995071289
34348750000,0.00659043538874126,0.00778836909517323
34362500000,0.00858158394078321,0.00777805337750034
34376250000,0.010567920047909,0.00776775277306511
34390000000,0.00787808459478635,0.00775746725728281
34403750000,0.00611843094125657,0.00774719680561279
34417500000,0.00900739292768828,0.00773694139355849
34431250000,0.00682227852766374,0.00772670099666729
34445000000,0.00835661361883594,0.00771647559053042
34458750000,0.0102833586990558,0.00770626515078289
34472500000,0.00945402413410971,0.00769606965310338
34486250000,0.0098039766276345,0.0076858890732141
34500000000,0.00465344301014583,0.00767572338688077
34513750000,0.00910586920385711,0.00766557256991247
34527500000,0.00770774348760992,0.00765543659816155
34541250000,0.00700669713036484,0.00764531544752356
34555000000,0.00720146719774578,0.00763520909393714
34568750000,0.00838380038749331,0.00762511751338388
34582500000,0.00911947983412288,0.00761504068188836
34596250000,0.00629247769337181,0.00760497857551786
34610000000,0.0105792983068104,0.00759493117038245
34623750000,0.0060902821288565,0.0075848984426348
34637500000,0.00776963700133938,0.00757488036847011
34651250000,0.00707998248515461,0.00756487692412601
34665000000,0.00954615764180141,0.00755488808588248
34678750000,0.00838643230685367,0.00754491383006178
34692500000,0.0112583959495975,0.00753495413302831
34706250000,0.00771343940681916,0.00752500897118853
34720000000,0.0112089597555131,0.00751507832099094
34733750000,0.00980312509381513,0.00750516215892588
34747500000,0.00832488612199974,0.00749526046152555
34761250000,0.00873380559982847,0.00748537320536382
34775000000,0.00867243585159813,0.00747550036705622
34788750000,0.00761572740230519,0.00746564192325982
34802500000,0.00933099214277042,0.00745579785067316
34816250000,0.0105816658176653,0.00744596812603613
34830000000,0.00753139574443933,0.00743615272612991
34843750000,0.0042424402994126,0.0074263516277769
34857500000,0.00513555051031101,0.00741656480784059
34871250000,0.00607646912700718,0.0074067922432255
34885000000,0.00558024227179812,0.00739703391087713
34898750000,0.00639929232224429,0.00738728978778178
34912500000,0.00918749821496265,0.00737755985096656
34926250000,0.00995585840812964,0.00736784407749927
34940000000,0.00766048359459951,0.00735814244448834
34953750000,0.0047044458368648,0.00734845492908267
34967500000,0.00669162547908774,0.00733878150847167
34981250000,0.00863494180819389,0.00732912215988509
34995000000,0.00921785559682549,0.00731947686059294
35008750000,0.00829612715759063,0.00730984558790545
35022500000,0.00876141628213789,0.00730022831917296
35036250000,0.0110273742486614,0.00729062503178587
35050000000,0.00837128839872606,0.0072810357031745
35063750000,0.0114043101481348,0.0072714603108091
35077500000,0.00781366234469343,0.00726189883219968
35091250000,0.00648382639117123,0.00725235124489598
35105000000,0.00634488395741715,0.00724281752648741
35118750000,0.0101632963324839,0.00723329765460289
35132500000,0.00544983726085016,0.00722379160691089
35146250000,0.0088618595755632,0.00721429936111925
35160000000,0.00490782780971472,0.00720482089497515
35173750000,0.00638700170999743,0.00719535618626501
35187500000,0.0109203443444195,0.00718590521281448
35201250000,0.00855679370906346,0.00717646795248825
35215000000,0.00414856892729277,0.00716704438319008
35228750000,0.00695198233295107,0.00715763448286268
35242500000,0.00888981063974567,0.00714823822948758
35256250000,0.00482908634682625,0.00713885560108518
35270000000,0.00706482407336038,0.00712948657571461
35283750000,0.00778517728959473,0.00712013113147359
35297500000,0.00547689159595486,0.00711078924649847
35311250000,0.00687163452531338,0.0071014608989641
35325000000,0.0083182276817868,0.00709214606708373
35338750000,0.010935267290175,0.00708284472910902
35352500000,0.00707984180052696,0.00707355686332989
35366250000,0.00710325539612605,0.00706428244807446
35380000000,0.00570688269876855,0.00705502146170902
35393750000,0.0101358448821962,0.00704577388263792
35407500000,0.00652431053390852,0.00703653968930352
35421250000,0.00572641128495745,0.00702731886018611
35435000000,0.00727680054046632,0.0070181113738038
35448750000,0.00583837563075207,0.00700891720871254
35462500000,0.00794067026233858,0.00699973634350599
35476250000,0.00780369786129766,0.00699056875681541
35490000000,0.00676046232490784,0.0069814144273097
35503750000,0.0103793260300449,0.00697227333369524
35517500000,0.00804655474890701,0.00696314545471585
35531250000,0.00710585204981889,0.00695403076915271
35545000000,0.00824186909765895,0.00694492925582434
35558750000,0.00748628902845458,0.00693584089358645
35572500000,0.00817683846260362,0.00692676566133195
35586250000,0.00970955761221896,0.00691770353799083
35600000000,0.010293550737173,0.00690865450253012
35613750000,0.00757486213126388,0.00689961853395383
35627500000,0.0097007396232029,0.00689059561130282
35641250000,0.00768864257256914,0.00688158571365481
35655000000,0.00728237680714789,0.00687258882012431
35668750000,0.00610120491905927,0.0068636049098625
35682500000,0.00934387536590958,0.00685463396205718
35696250000,0.00676788877305577,0.00684567595593273
35710000000,0.0104550033181291,0.00683673087075003
35723750000,0.00998203897321346,0.00682779868580641
35737500000,0.0115802779445309,0.00681887938043555
35751250000,0.00812355531924309,0.00680997293400743
35765000000,0.00435407546355035,0.00680107932592828
35778750000,0.00570250178388305,0.00679219853564055
35792500000,0.00396666080649325,0.00678333054262271
35806250000,0.00717301957833735,0.00677447532638936
35820000000,0.00894985983445362,0.00676563286649104
35833750000,0.00788374331584578,0.00675680314251425
35847500000,0.00717972492769662,0.00674798613408128
35861250000,0.0039489425879863,0.0067391818208503
35875000000,0.00849398042924787,0.00673039018251515
35888750000,0.00326620642178376,0.00672161119880535
35902500000,0.00532318834660259,0.00671284484948605
35916250000,0.00799553584381206,0.00670409111435793
35930000000,0.00716647001459138,0.00669534997325714
35943750000,0.0099676300730125,0.00668662140605526
35957500000,0.0104216584845714,0.00667790539265925
35971250000,0.00568603647461132,0.0066692019130113
35985000000,0.00587814645435909,0.00666051094708893
35998750000,0.00896218042231709,0.00665183247490476
36012500000,0.00847659594873402,0.00664316647650655
36026250000,0.0080320960048835,0.00663451293197709
36040000000,0.00613186903681242,0.00662587182143421
36053750000,0.0085045771741311,0.00661724312503062
36067500000,0.00539846671733276,0.00660862682295392
36081250000,0.00246040341661762,0.00660002289542653
36095000000,0.00812951060964837,0.00659143132270559
36108750000,0.0049335996582806,0.00658285208508296
36122500000,0.00504345153652328,0.00657428516288513
36136250000,0.00766728738813201,0.00656573053647313
36150000000,0.00790036313653103,0.00655718818624251
36163750000,0.00796675344654113,0.00654865809262331
36177500000,0.00664785183049348,0.00654014023607991
36191250000,0.0037219819496195,0.00653163459711106
36205000000,0.00483079257742981,0.00652314115624974
36218750000,0.00577909657164537,0.00651465989406319
36232500000,0.00579926967396209,0.0065061907911528
36246250000,0.00908110622382242,0.00649773382815403
36260000000,0.0108580506508232,0.00648928898573642
36273750000,0.00572438631638597,0.00648085624460344
36287500000,0.00644054701550158,0.00647243558549253
36301250000,0.00843754691814473,0.00646402698917496
36315000000,0.0051538211434877,0.00645563043645586
36328750000,0.00944504649202836,0.00644724590817403
36342500000,0.00718335251727114,0.00643887338520199
36356250000,0.00728815657289407,0.00643051284844596
36370000000,0.00589163192409722,0.00642216427884565
36383750000,0.0028177286936953,0.00641382765737432
36397500000,0.00672046025376697,0.0064055029650387
36411250000,0.00696332138784513,0.00639719018287892
36425000000,0.00502307926243152,0.00638888929196845
36438750000,0.00273814559840214,0.00638060027341404
36452500000,0.00669392275530751,0.0063723231083557
36466250000,0.00538517604251424,0.00636405777796661
36480000000,0.00845931051052577,0.00635580426345305
36493750000,0.00719661467120446,0.00634756254605439
36507500000,0.0046615637498757,0.00633933260704297
36521250000,0.0076013548747106,0.00633111442772412
36535000000,0.00595521360906437,0.00632290798943605
36548750000,0.00667062851148825,0.00631471327354979
36562500000,0.00429454949419637,0.00630653026146918
36576250000,0.0115781779404233,0.00629835893463075
36590000000,0.0052737774028949,0.00629019927450374
36603750000,0.00749914358384991,0.00628205126258997
36617500000,0.00662476446460357,0.00627391488042384
36631250000,0.00567285584125804,0.00626579010957223
36645000000,0.00567686335427034,0.00625767693163448
36658750000,0.00772583231342833,0.00624957532824232
36672500000,0.00681096783028343,0.00624148528105979
36686250000,0.00914583762281851,0.00623340677178326
36700000000,0.00472006571191581,0.00622533978214128
36713750000,0.00454369610198964,0.00621728429389457
36727500000,0.00584516996386788,0.00620924028883599
36741250000,0.00494438205292571,0.00620120774879043
36755000000,0.00918655774221947,0.0061931866556148
36768750000,0.00363627005170103,0.00618517699119794
36782500000,0.00605629246947267,0.0061771787374606
36796250000,0.00137850847341797,0.00616919187635535
36810000000,0.00576828456095489,0.00616121638986655
36823750000,0.00525214022056109,0.00615325226001029
36837500000,0.00904991860974952,0.00614529946883433
36851250000,0.00816932420360031,0.00613735799841802
36865000000,0.00922480944680776,0.00612942783087232
36878750000,0.00500977642212185,0.00612150894833968
36892500000,0.00766056822314263,0.00611360133299397
36906250000,0.00551572181787839,0.0061057049670405
36920000000,0.0045666056257406,0.0060978198327159
36933750000,0.00535621320018078,0.0060899459122881
36947500000,0.00675436301964153,0.00608208318805626
36961250000,0.00557276696936179,0.00607423164235071
36975000000,0.0103137380834409,0.00606639125753292
36988750000,0.00547478403506787,0.00605856201599543
37002500000,0.00651704015716393,0.00605074390016179
37016250000,0.0058900952979879,0.0060429368924865
37030000000,0.0103072010864318,0.006035140975455
37043750000,0.00442922624828587,0.00602735613158353
37057500000,0.00318927818603995,0.00601958234341918
37071250000,0.00568780430206657,0.00601181959353978
37085000000,0.00649748795707159,0.00600406786455383
37098750000,0.00433988985237108,0.00599632713910047
37112500000,0.00302434329804564,0.00598859739984943
37126250000,0.00349009517234914,0.00598087862950096
37140000000,0.00587703100510343,0.00597317081078579
37153750000,0.00210467043281913,0.00596547392646506
37167500000,0.0100714788817239,0.0059577879593303
37181250000,0.00651035543179075,0.00595011289220332
37195000000,0.0010959376908959,0.00594244870793623
37208750000,0.0104346341856916,0.00593479538941128
37222500000,0.00630986306994932,0.00592715291954095
37236250000,0.004982697808473,0.00591952128126775
37250000000,0.00636276330877376,0.00591190045756425
37263750000,0.00746475480599038,0.00590429043143305
37277500000,0.00727992680584235,0.00589669118590663
37291250000,0.00581364365630585,0.00588910270404737
37305000000,0.00228531071708959,0.00588152496894748
37318750000,0.0060599260601519,0.00587395796372896
37332500000,0.00934850010916787,0.00586640167154349
37346250000,0.0104435191843595,0.00585885607557245
37360000000,0.00562455716841535,0.00585132115902682
37373750000,0.00537339248967872,0.00584379690514715
37387500000,0.00727634212168844,0.00583628329720348
37401250000,0.00377760245030663,0.00582878031849531
37415000000,0.00307534656599086,0.00582128795235152
37428750000,0.00278356991567766,0.00581380618213038
37442500000,0.00756520075990059,0.00580633499121938
37456250000,0.00791448238810571,0.00579887436303534
37470000000,0.00836872620113058,0.00579142428102417
37483750000,0.00417777983006223,0.00578398472866096
37497500000,0.0029742265415085,0.0057765556894499
37511250000,0.00595772740547079,0.00576913714692413
37525000000,0.0091355845848374,0.00576172908464584
37538750000,0.00491057737396817,0.00575433148620608
37552500000,0.00444392178559648,0.00574694433522479
37566250000,0.0088058202274068,0.00573956761535071
37580000000,0.00899996582583601,0.00573220131026135
37593750000,0.00712389257889871,0.00572484540366289
37607500000,0.00757530533771118,0.00571749987929021
37621250000,0.00572531880744043,0.00571016472090675
37635000000,0.00447930171710101,0.00570283991230451
37648750000,0.00455511560160944,0.00569552543730395
37662500000,0.00646703835963406,0.00568822127975402
37676250000,0.00794120114701824,0.00568092742353201
37690000000,0.00318775577658171,0.00567364385254357
37703750000,0.00451610147516356,0.00566637055072259
37717500000,0.00754271226211379,0.00565910750203122
37731250000,0.00420251309138896,0.00565185469045977
37745000000,0.00596442399779834,0.00564461210002667
37758750000,0.0063898081730184,0.00563737971477841
37772500000,0.00571851540211834,0.00563015751878948
37786250000,0.0052943701484859,0.00562294549616236
37800000000,0.00303333464290944,0.00561574363102741
37813750000,0.00590909648608465,0.00560855190754286
37827500000,0.00187793901723489,0.00560137030989473
37841250000,0.00547426542394193,0.00559419882229679
37855000000,0.0059565105772095,0.0055870374289905
37868750000,0.00943149891516076,0.00557988611424498
37882500000,0.00226073773348676,0.0055727448623569
37896250000,0.00542015643029268,0.00556561365765051
37910000000,0.00445025022789585,0.00555849248447753
37923750000,0.00376158647263045,0.00555138132721708
37937500000,0.00305414622181932,0.00554428017027569
37951250000,0.00911535640669736,0.00553718899808722
37965000000,0.00355452464289069,0.00553010779511278
37978750000,0.00109593912777384,0.00552303654584071
37992500000,0.00779362513404625,0.00551597523478651
38006250000,0.00490141617661585,0.00550892384649282
38020000000,0.00482188361586449,0.00550188236552928
38033750000,0.0076291085875892,0.00549485077649264
38047500000,0.00306391875431562,0.00548782906400649
38061250000,0.00509558642305374,0.00548081721272142
38075000000,0.00666558113454992,0.00547381520731481
38088750000,0.0059733892135451,0.00546682303249091
38102500000,0.00259352658304933,0.00545984067298062
38116250000,0.00373277012069394,0.00545286811354162
38130000000,0.00616973927500564,0.00544590533895817
38143750000,0.00470756659461513,0.00543895233404118
38157500000,0.00483361944755497,0.00543200908362805
38171250000,0.00639201934056552,0.0054250755725827
38185000000,0.0035000001569723,0.00541815178579545
38198750000,0.00688454441804746,0.00541123770818305
38212500000,0.00408236578740502,0.00540433332468852
38226250000,0.0066931042727366,0.0053974386202812
38240000000,0.0060843992778726,0.00539055357995665
38253750000,0.0035952081152293,0.00538367818873661
38267500000,0.00324089954917567,0.00537681243166891
38281250000,0.00404083271329833,0.00536995629382748
38295000000,0.00357702747374135,0.00536310976031226
38308750000,0.00434266670368791,0.00535627281624915
38322500000,0.00984438350811606,0.00534944544679
38336250000,0.00494007738952775,0.00534262763711247
38350000000,0.00575862933921643,0.00533581937242007
38363750000,0.00578016492733663,0.00532902063794206
38377500000,0.00789327559953696,0.00532223141893341
38391250000,0.00750226861350586,0.00531545170067473
38405000000,0.00530415224705228,0.00530868146847226
38418750000,0.00407870561331103,0.0053019207076578
38432500000,0.00216923236803926,0.00529516940358863
38446250000,0.00418200106993754,0.0052884275416475
38460000000,0.00576165819515072,0.00528169510724254
38473750000,0.00421393377444035,0.00527497208580726
38487500000,0.00228573155609584,0.00526825846280046
38501250000,0.00693012519111316,0.00526155422370615
38515000000,0.00345853520477876,0.0052548593540336
38528750000,0.00361805609179035,0.00524817383931719
38542500000,0.00401058169131694,0.00524149766511638
38556250000,0.00579603767241202,0.00523483081701572
38570000000,0.00723399611635241,0.00522817328062472
38583750000,0.00786412561380207,0.00522152504157785
38597500000,0.00369653333377684,0.00521488608553446
38611250000,0.00607375671703959,0.00520825639817873
38625000000,0.00340848889073814,0.00520163596521968
38638750000,0.00527629478307169,0.00519502477239103
38652500000,0.00366209005089977,0.0051884228054512
38666250000,0.00585691571037524,0.00518183005018324
38680000000,0.00362613139009128,0.00517524649239484
38693750000,0.00711271951276195,0.00516867211791817
38707500000,0.00651514944471747,0.00516210691260991
38721250000,0.00270746653984987,0.0051555508623512
38735000000,0.00418177552307991,0.00514900395304755
38748750000,0.00729972502478716,0.00514246617062882
38762500000,0.002044518456976,0.00513593750104916
38776250000,0.00802292587112958,0.00512941793028696
38790000000,0.00397296634859955,0.00512290744434481
38803750000,0.00658518803197515,0.00511640602924941
38817500000,0.00554429050915432,0.0051099136710516
38831250000,0.00591063417319355,0.00510343035582624
38845000000,0.00540455679394556,0.00509695606967218
38858750000,0.00629388711599158,0.00509049079871222
38872500000,0.00519654110419092,0.00508403452909306
38886250000,0.0030440307261644,0.00507758724698523
38900000000,0.00647040905975991,0.00507114893858309
38913750000,0.00540731479180649,0.00506471959010473
38927500000,0.0041738891311712,0.00505829918779192
38941250000,0.004039709484465,0.00505188771791014
38955000000,0.00481554153190105,0.00504548516674839
38968750000,0.00599542554008195,0.0050390915206193
38982500000,0.0036205189539929,0.00503270676585896
38996250000,0.00482451313527523,0.00502633088882695
39010000000,0.00337517075413026,0.00501996387590623
39023750000,0.00342838422681995,0.00501360571350312
39037500000,0.00345302142882296,0.00500725638804728
39051250000,0.00750436975031992,0.00500091588599162
39065000000,0.0053315473100589,0.00499458419381228
39078750000,0.00587056307498184,0.00498826129800853
39092500000,0.00493483494461855,0.0049819471851028
39106250000,0.00115170662488263,0.0049756418416406
39120000000,0.00611583931573575,0.00496934525419041
39133750000,0.00127703978098393,0.00496305740934375
39147500000,0.00432695736709339,0.00495677829371506
39161250000,0.00191778826708577,0.00495050789394161
39175000000,0.00597342336190126,0.0049442461966836
39188750000,0.0044786334934116,0.00493799318862392
39202500000,0.00158496586689271,0.00493174885646829
39216250000,0.00352257077072685,0.00492551318694504
39230000000,0.00154255920804947,0.00491928616680525
39243750000,0.00545126489305068,0.00491306778282252
39257500000,0.00632510865892859,0.00490685802179303
39271250000,0.00607490147834841,0.00490065687053548
39285000000,0.00475344263219963,0.00489446431589103
39298750000,0.00538862739449634,0.00488828034472323
39312500000,0.00274079830037342,0.00488210494391806
39326250000,0.000807738882228217,0.00487593810038376
39340000000,0.00541907319557298,0.00486977980105087
39353750000,0.00466453530290042,0.0048636300328722
39367500000,0.0049382877953915,0.00485748878282269
39381250000,0.00344552379141026,0.00485135603789944
39395000000,0.00407511548800789,0.00484523178512166
39408750000,0.0059299379949366,0.00483911601153062
39422500000,0.00755574780833184,0.00483300870418956
39436250000,0.00684512577462265,0.00482690985018367
39450000000,0.00768728844824612,0.00482081943662013
39463750000,0.00405347018181764,0.0048147374506279
39477500000,0.00275369199580191,0.00480866387935782
39491250000,0.00325535938991443,0.00480259870998249
39505000000,0.00400527791055456,0.00479654192969625
39518750000,0.00304571307045134,0.00479049352571513
39532500000,0.00350111097713256,0.00478445348527679
39546250000,0.00554322770343758,0.00477842179564053
39560000000,0.0050253528883814,0.00477239844408717
39573750000,0.00448152688571918,0.00476638341791905
39587500000,0.00354277740687637,0.00476037670445999
39601250000,0.00318538439332663,0.00475437829105523
39615000000,0.0049028580671215,0.00474838816507139
39628750000,0.00351199199620846,0.00474240631389646
39642500000,0.00133358446572423,0.00473643272493964
39656250000,0.00421326506600697,0.00473046738563147
39670000000,0.00338966638692131,0.00472451028342366
39683750000,0.00580429895444045,0.00471856140578908
39697500000,0.00427099990754621,0.00471262074022174
39711250000,0.00292735480008618,0.00470668827423668
39725000000,0.00940877838281259,0.00470076399537004
39738750000,0.00333692259309994,0.00469484789117893
39752500000,0.00262327933957691,0.00468893994924139
39766250000,0.00831945101986897,0.00468304015715637
39780000000,0.00482767773815614,0.00467714850254371
39793750000,0.00496105953586529,0.00467126497304405
39807500000,0.00383954197021048,0.00466538955631883
39821250000,0.00631619852267212,0.00465952224005021
39835000000,0.00011688797402754,0.00465366301194105
39848750000,0.00877344507996146,0.00464781185971486
39862500000,0.00547087374113527,0.0046419687711158
39876250000,0.00183557735105623,0.00463613373390853
39890000000,0.00199484516912719,0.00463030673587832
39903750000,0.00698441142130514,0.00462448776483086
39917500000,0.00274974029454601,0.00461867680859234
39931250000,0.00536216528904176,0.00461287385500934
39945000000,0.00377398652342399,0.00460707889194877
39958750000,0.00219301823612394,0.00460129190729791
39972500000,0.00341689807819788,0.00459551288896432
39986250000,0.00196583733536335,0.00458974182487577
40000000000,0.00310259157530034,0.00458397870298026
