Freq_Hz,T_meas_gate_abs,T_fit_abs
19098522768.8927,0.0828956901245903,0.8642764
19109266267.855,0.0825618628151517,0.8640695
19120009766.8172,0.0822237673377778,0.8638639
19130753265.7795,0.0818818547313168,0.8636594
19141496764.7418,0.0815365763456051,0.8634562
19152240263.7041,0.0811883826138938,0.8632544
19162983762.6663,0.0808377218426303,0.8630537
19173727261.6286,0.08048503902628,0.8628543
19184470760.5909,0.0801307746944394,0.8626562
19195214259.5532,0.0797753637979872,0.8624594
19205957758.5154,0.0794192346404647,0.8622639
19216701257.4777,0.0790628078602701,0.8620695
19227444756.44,0.078706495468615,0.8618765
19238188255.4023,0.0783506999475242,0.8616849
19248931754.3645,0.0779958134114803,0.8614945
19259675253.3268,0.0776422168356262,0.8613054
19270418752.2891,0.0772902793527559,0.8611177
19281162251.2514,0.0769403576206513,0.8609311
19291905750.2136,0.0765927952606688,0.8607459
19302649249.1759,0.076247922367855,0.8605617
19313392748.1382,0.0759060550922746,0.8603792
19324136247.1005,0.0755674952906787,0.8601978
19334879746.0628,0.0752325302471265,0.8600178
19345623245.025,0.0749014324607066,0.8598391
19356366743.9873,0.0745744594980782,0.8596616
19367110242.9496,0.0742518539081861,0.8594854
19377853741.9119,0.0739338431961776,0.8593108
19388597240.8741,0.0736206398532782,0.8591373
19399340739.8364,0.0733124414391616,0.858965
19410084238.7987,0.0730094307131737,0.8587942
19420827737.761,0.0727117758106429,0.8586247
19431571236.7232,0.0724196304604242,0.8584564
19442314735.6855,0.0721331342397818,0.8582894
19453058234.6478,0.0718524128627121,0.8581239
19463801733.6101,0.0715775784978388,0.8579596
19474545232.5723,0.0713087301120756,0.8577967
19485288731.5346,0.0710459538363466,0.8576351
19496032230.4969,0.0707893233497697,0.8574747
19506775729.4592,0.0705389002788518,0.8573157
19517519228.4214,0.0702947346084027,0.8571581
19528262727.3837,0.0700568651010512,0.8570019
19539006226.346,0.069825319722434,0.8568469
19549749725.3083,0.0696001160693294,0.8566933
19560493224.2705,0.0693812617982118,0.856541
19571236723.2328,0.0691687550519142,0.8563901
19581980222.1951,0.0689625848823015,0.8562405
19592723721.1574,0.068762731667069,0.8560923
19603467220.1196,0.068569167518995,0.8559453
19614210719.0819,0.0683818566861866,0.8557997
19624954218.0442,0.0682007559420607,0.8556554
19635697717.0065,0.0680258149640039,0.8555126
19646441215.9687,0.0678569766998448,0.8553712
19657184714.931,0.067694177721459,0.8552309
19667928213.8933,0.0675373485649987,0.8550922
19678671712.8556,0.0673864140574085,0.8549547
19689415211.8178,0.0672412936290405,0.8548187
19700158710.7801,0.0671019016123296,0.8546839
19710902209.7424,0.0669681475266236,0.8545505
19721645708.7047,0.0668399363493847,0.8544185
19732389207.667,0.0667171687740923,0.854288
19743132706.6292,0.0665997414552774,0.8541586
19753876205.5915,0.0664875472412096,0.8540306
19764619704.5538,0.0663804753948347,0.8539041
19775363203.5161,0.0662784118036321,0.8537788
19786106702.4783,0.0661812391791145,0.853655
19796850201.4406,0.0660888372467451,0.8535326
19807593700.4029,0.0660010829270784,0.8534115
19818337199.3652,0.0659178505089645,0.8532918
19829080698.3274,0.0658390118156694,0.8531736
19839824197.2897,0.065764436364778,0.8530566
19850567696.252,0.0656939915227429,0.8529409
19861311195.2143,0.0656275426549388,0.8528267
19872054694.1765,0.0655649532720634,0.8527138
19882798193.1388,0.0655060851737073,0.8526024
19893541692.1011,0.0654507985898836,0.8524923
19904285191.0634,0.0653989523212748,0.8523837
19915028690.0256,0.0653504038789117,0.8522763
19925772188.9879,0.0653050096239564,0.8521703
19936515687.9502,0.065262624908206,0.8520658
19947259186.9125,0.065223104215883,0.8519626
19958002685.8747,0.0651863013072174,0.8518608
19968746184.837,0.0651520693642645,0.8517604
19979489683.7993,0.0651202611393372,0.8516614
19990233182.7616,0.0650907291063662,0.8515638
20000976681.7238,0.0650633256154331,0.8514675
20011720180.6861,0.0650379030506516,0.8513727
20022463679.6484,0.0650143139915034,0.8512792
20033207178.6107,0.0649924113776649,0.8511872
20043950677.5729,0.0649720486772925,0.8510965
20054694176.5352,0.0649530800586658,0.8510073
20065437675.4975,0.0649353605650204,0.8509194
20076181174.4598,0.0649187462923398,0.8508328
20086924673.4221,0.0649030945698105,0.8507477
20097668172.3843,0.0648882641425875,0.8506641
20108411671.3466,0.0648741153564593,0.8505818
20119155170.3089,0.0648605103439495,0.8505008
20129898669.2712,0.0648473132113445,0.8504213
20140642168.2334,0.0648343902260894,0.8503433
20151385667.1957,0.0648216100039579,0.8502666
20162129166.158,0.0648088436953637,0.8501912
20172872665.1203,0.0647959651701538,0.8501173
20183616164.0825,0.0647828512001965,0.8500448
20194359663.0448,0.0647693816390601,0.8499737
20205103162.0071,0.0647554395980623,0.8499042
20215846660.9694,0.0647409116179644,0.8498358
20226590159.9316,0.0647256878355789,0.8497689
20237333658.8939,0.0647096621445645,0.8497034
20248077157.8562,0.0646927323496904,0.8496394
20258820656.8185,0.0646748003138653,0.8495768
20269564155.7807,0.0646557720972463,0.8495154
20280307654.743,0.0646355580877685,0.8494556
20291051153.7053,0.0646140731224636,0.8493971
20301794652.6676,0.0645912365989731,0.8493401
20312538151.6298,0.0645669725766984,0.8492845
20323281650.5921,0.0645412098670749,0.8492303
20334025149.5544,0.0645138821125028,0.8491775
20344768648.5167,0.0644849278535194,0.8491262
20355512147.4789,0.064454290583851,0.8490762
20366255646.4412,0.0644219187930382,0.8490275
20376999145.4035,0.064387765996389,0.8489804
20387742644.3658,0.0643517907520723,0.8489346
20398486143.328,0.0643139566652299,0.8488903
20409229642.2903,0.0642742323790438,0.8488474
20419973141.2526,0.0642325915527641,0.8488058
20430716640.2149,0.0641890128267621,0.8487659
20441460139.1771,0.0641434797747393,0.8487272
20452203638.1394,0.064095980843283,0.8486899
20462947137.1017,0.0640465092790233,0.848654
20473690636.064,0.0639950630437005,0.8486196
20484434135.0262,0.0639416447175151,0.8485866
20495177633.9885,0.0638862613911815,0.8485549
20505921132.9508,0.0638289245471611,0.8485247
20516664631.9131,0.0637696499305987,0.8484961
20527408130.8754,0.0637084574105287,0.8484687
20538151629.8376,0.0636453708319613,0.8484429
20548895128.7999,0.0635804178594937,0.8484183
20559638627.7622,0.0635136298131237,0.8483951
20570382126.7245,0.0634450414969739,0.8483735
20581125625.6867,0.063374691021654,0.8483533
20591869124.649,0.0633026196210115,0.8483344
20602612623.6113,0.0632288714640338,0.848317
20613356122.5736,0.0631534934626729,0.8483009
20624099621.5358,0.0630765350763718,0.8482864
20634843120.4981,0.0629980481140697,0.8482733
20645586619.4604,0.0629180865344593,0.8482616
20656330118.4227,0.0628367062452623,0.8482511
20667073617.3849,0.0627539649022751,0.8482422
20677817116.3472,0.0626699217089203,0.8482348
20688560615.3095,0.0625846372170209,0.8482287
20699304114.2718,0.0624981731294869,0.848224
20710047613.234,0.0624105921055804,0.8482208
20720791112.1963,0.0623219575693928,0.8482189
20731534611.1586,0.0622323335221362,0.8482186
20742278110.1209,0.0621417843588148,0.8482196
20753021609.0831,0.0620503746898062,0.8482221
20763765108.0454,0.0619581691678425,0.8482259
20774508607.0077,0.061865232320842,0.8482313
20785252105.97,0.0617716283909986,0.8482379
20795995604.9322,0.0616774211804969,0.8482461
20806739103.8945,0.0615826739041751,0.8482556
20817482602.8568,0.0614874490494183,0.8482665
20828226101.8191,0.061391808243517,0.8482789
20838969600.7813,0.0612958121286903,0.8482927
20849713099.7436,0.0611995202449244,0.8483078
20860456598.7059,0.0611029909207395,0.8483246
20871200097.6682,0.0610062811719599,0.8483426
20881943596.6304,0.0609094466085192,0.8483621
20892687095.5927,0.0608125413492992,0.8483829
20903430594.555,0.0607156179449642,0.8484052
20914174093.5173,0.0606187273087173,0.8484291
20924917592.4795,0.0605219186548779,0.8484542
20935661091.4418,0.0604252394451429,0.8484808
20946404590.4041,0.0603287353423739,0.8485087
20957148089.3664,0.0602324501717223,0.8485381
20967891588.3287,0.0601364258888814,0.8485688
20978635087.2909,0.0600407025552357,0.8486012
20989378586.2532,0.0599453183196569,0.8486348
21000122085.2155,0.0598503094066797,0.8486698
21010865584.1778,0.0597557101107759,0.8487063
21021609083.14,0.0596615527964358,0.8487442
21032352582.1023,0.0595678679037494,0.8487834
21043096081.0646,0.0594746839591809,0.8488242
21053839580.0269,0.0593820275912146,0.8488663
21064583078.9891,0.0592899235505545,0.8489099
21075326577.9514,0.0591983947345512,0.8489548
21086070076.9137,0.0591074622155334,0.8490013
21096813575.876,0.0590171452727214,0.8490489
21107557074.8382,0.0589274614274019,0.8490983
21118300573.8005,0.0588384264810477,0.8491489
21129044072.7628,0.0587500545560747,0.8492007
21139787571.7251,0.0586623581389295,0.8492543
21150531070.6873,0.0585753481252151,0.8493091
21161274569.6496,0.0584890338665674,0.8493654
21172018068.6119,0.0584034232190057,0.8494231
21182761567.5742,0.0583185225924927,0.8494821
21193505066.5364,0.0582343370014498,0.8495425
21204248565.4987,0.0581508701159851,0.8496044
21214992064.461,0.0580681243136056,0.8496677
21225735563.4233,0.0579861007311974,0.8497325
21236479062.3855,0.0579047993170699,0.8497986
21247222561.3478,0.0578242188828762,0.849866
21257966060.3101,0.0577443571552328,0.8499349
21268709559.2724,0.0576652108268778,0.8500051
21279453058.2346,0.0575867756072182,0.850077
21290196557.1969,0.0575090462721341,0.8501501
21300940056.1592,0.0574320167129166,0.8502247
21311683555.1215,0.0573556799842336,0.8503006
21322427054.0838,0.057280028351029,0.8503779
21333170553.046,0.057205053334272,0.8504565
21343914052.0083,0.0571307457554904,0.8505368
21354657550.9706,0.0570570957800269,0.8506183
21365401049.9329,0.0569840929589751,0.8507011
21376144548.8951,0.0569117262697599,0.8507855
21386888047.8574,0.0568399841553365,0.8508712
21397631546.8197,0.0567688545619953,0.8509583
21408375045.782,0.0566983249757662,0.8510469
21419118544.7442,0.056628382457426,0.8511367
21429862043.7065,0.0565590136761206,0.8512281
21440605542.6688,0.0564902049416208,0.8513206
21451349041.6311,0.0564219422352369,0.8514148
21462092540.5933,0.0563542112394243,0.8515102
21472836039.5556,0.0562869973661174,0.8516071
21483579538.5179,0.0562202857838329,0.8517054
21494323037.4802,0.0561540614435898,0.851805
21505066536.4424,0.0560883091036938,0.8519059
21515810035.4047,0.0560230133534403,0.8520083
21526553534.367,0.0559581586357897,0.8521122
21537297033.3293,0.0558937292690702,0.8522173
21548040532.2915,0.0558297094677665,0.8523238
21558784031.2538,0.0557660833624515,0.8524318
21569527530.2161,0.055702835018917,0.8525411
21580271029.1784,0.0556399484565622,0.8526518
21591014528.1406,0.0555774076660938,0.8527639
21601758027.1029,0.0555151966265916,0.8528773
21612501526.0652,0.0554532993219928,0.8529922
21623245025.0275,0.0553916997570428,0.8531084
21633988523.9897,0.0553303819727596,0.8532261
21644732022.952,0.0552693300614561,0.8533449
21655475521.9143,0.0552085281813591,0.8534653
21666219020.8766,0.0551479605708627,0.853587
21676962519.8388,0.0550876115624483,0.8537101
21687706018.8011,0.0550274655963002,0.8538345
21698449517.7634,0.0549675072336414,0.8539603
21709193016.7257,0.0549077211698113,0.8540875
21719936515.688,0.054848092247101,0.854216
21730680014.6502,0.0547886054673584,0.8543459
21741423513.6125,0.0547292460043735,0.8544772
21752167012.5748,0.0546699992160473,0.8546097
21762910511.5371,0.0546108506563444,0.8547437
21773654010.4993,0.0545517860870291,0.8548791
21784397509.4616,0.0544927914891766,0.8550159
21795141008.4239,0.0544338530744513,0.8551538
21805884507.3862,0.0543749572961395,0.8552933
21816628006.3484,0.0543160908599231,0.8554339
21827371505.3107,0.0542572407343749,0.855576
21838115004.273,0.0541983941611597,0.8557196
21848858503.2353,0.0541395386649172,0.8558644
21859602002.1975,0.0540806620628084,0.8560107
21870345501.1598,0.0540217524736999,0.8561581
21881089000.1221,0.0539627983269636,0.8563069
21891832499.0844,0.0539037883708699,0.8564571
21902575998.0466,0.0538447116805484,0.8566086
21913319497.0089,0.0537855576654951,0.8567615
21924062995.9712,0.0537263160766036,0.8569157
21934806494.9335,0.0536669770126991,0.8570712
21945549993.8957,0.0536075309265565,0.8572281
21956293492.858,0.0535479686303843,0.8573864
21967036991.8203,0.0534882813007593,0.8575458
21977780490.7826,0.0534284604829985,0.8577067
21988523989.7448,0.0533684980949571,0.8578689
21999267488.7071,0.053308386430245,0.8580325
22010010987.6694,0.0532481181608562,0.8581973
22020754486.6317,0.0531876863392082,0.8583635
22031497985.5939,0.0531270843995932,0.8585311
22042241484.5562,0.0530663061590433,0.8586999
22052984983.5185,0.0530053458176175,0.8588699
22063728482.4808,0.0529441979581209,0.8590415
22074471981.443,0.0528828575452675,0.8592142
22085215480.4053,0.0528213199243041,0.8593883
22095958979.3676,0.0527595808191141,0.8595637
22106702478.3299,0.0526976363298223,0.8597404
22117445977.2921,0.0526354829299256,0.8599184
22128189476.2544,0.0525731174629762,0.8600978
22138932975.2167,0.052510537138847,0.8602782
22149676474.179,0.0524477395296098,0.8604602
22160419973.1413,0.0523847225650589,0.8606435
22171163472.1035,0.0523214845279164,0.860828
22181906971.0658,0.0522580240487526,0.8610139
22192650470.0281,0.05219434010066,0.861201
22203393968.9904,0.0521304319937182,0.8613894
22214137467.9526,0.0520662993692862,0.8615791
22224880966.9149,0.0520019421941624,0.86177
22235624465.8772,0.0519373607546481,0.8619623
22246367964.8395,0.0518725556505529,0.8621559
22257111463.8017,0.0518075277891777,0.8623506
22267854962.764,0.0517422783793122,0.8625468
22278598461.7263,0.0516768089252792,0.8627442
22289341960.6886,0.0516111212210595,0.8629428
22300085459.6508,0.0515452173445271,0.8631429
22310828958.6131,0.0514790996518246,0.863344
22321572457.5754,0.0514127707719028,0.8635464
22332315956.5377,0.0513462336012505,0.8637502
22343059455.4999,0.0512794912988337,0.8639552
22353802954.4622,0.0512125472812633,0.8641613
22364546453.4245,0.0511454052182056,0.864369
22375289952.3868,0.0510780690280482,0.8645778
22386033451.349,0.0510105428738299,0.8647877
22396776950.3113,0.0509428311594399,0.8649989
22407520449.2736,0.0508749385260881,0.8652115
22418263948.2359,0.0508068698490463,0.8654253
22429007447.1981,0.0507386302346551,0.8656404
22439750946.1604,0.0506702250175885,0.8658566
22450494445.1227,0.0506016597583659,0.866074
22461237944.085,0.0505329402410968,0.8662928
22471981443.0472,0.050464072471441,0.8665128
22482724942.0095,0.0503950626747648,0.8667339
22493468440.9718,0.050325917294469,0.8669564
22504211939.9341,0.0502566429904648,0.86718
22514955438.8964,0.0501872466377682,0.867405
22525698937.8586,0.0501177353251841,0.8676308
22536442436.8209,0.0500481163540464,0.8678582
22547185935.7832,0.0499783972369821,0.8680868
22557929434.7455,0.0499085856966623,0.8683165
22568672933.7077,0.0498386896645043,0.8685476
22579416432.67,0.0497687172792873,0.8687796
22590159931.6323,0.049698676885643,0.8690131
22600903430.5946,0.0496285770323823,0.8692475
22611646929.5568,0.0495584264706192,0.8694832
22622390428.5191,0.049488234151654,0.8697203
22633133927.4814,0.0494180092245758,0.8699583
22643877426.4437,0.0493477610335492,0.8701978
22654620925.4059,0.0492774991147452,0.8704383
22665364424.3682,0.0492072331928851,0.8706799
22676107923.3305,0.0491369731773605,0.8709229
22686851422.2928,0.0490667291578987,0.8711669
22697594921.255,0.0489965113997446,0.871412
22708338420.2173,0.0489263303383295,0.8716584
22719081919.1796,0.0488561965734046,0.871906
22729825418.1419,0.0487861208626145,0.8721548
22740568917.1041,0.0487161141144935,0.8724046
22751312416.0664,0.0486461873808673,0.8726557
22762055915.0287,0.048576351848648,0.8729079
22772799413.991,0.0485066188310131,0.8731612
22783542912.9532,0.0484369997579622,0.8734158
22794286411.9155,0.0483675061662494,0.8736715
22805029910.8778,0.0482981496886935,0.8739282
22815773409.8401,0.0482289420428703,0.874186
22826516908.8023,0.0481598950191957,0.8744453
22837260407.7646,0.0480910204684145,0.8747054
22848003906.7269,0.0480223302885081,0.8749667
22858747405.6892,0.0479538364110439,0.8752292
22869490904.6514,0.0478855507869886,0.8754927
22880234403.6137,0.0478174853720123,0.8757574
22890977902.576,0.0477496521113154,0.8760232
22901721401.5383,0.04768206292401,0.87629
22912464900.5005,0.0476147296870939,0.8765582
22923208399.4628,0.0475476642190556,0.8768273
22933951898.4251,0.0474808782631529,0.8770974
22944695397.3874,0.0474143834704099,0.8773688
22955438896.3497,0.0473481913823782,0.8776411
22966182395.3119,0.0472823134137108,0.8779146
22976925894.2742,0.0472167608346001,0.8781893
22987669393.2365,0.0471515447531289,0.8784649
22998412892.1988,0.0470866760975896,0.8787416
23009156391.161,0.0470221655988226,0.8790195
23019899890.1233,0.0469580237726283,0.8792983
23030643389.0856,0.0468942609023075,0.8795782
23041386888.0479,0.0468308870213808,0.8798593
23052130387.0101,0.0467679118965437,0.8801413
23062873885.9724,0.0467053450109075,0.8804244
23073617384.9347,0.0466431955475769,0.8807087
23084360883.897,0.0465814723736169,0.8809939
23095104382.8592,0.0465201840244544,0.8812799
23105847881.8215,0.0464593386887628,0.8815674
23116591380.7838,0.0463989441938734,0.8818557
23127334879.7461,0.0463390079917571,0.882145
23138078378.7083,0.0462795371456136,0.8824354
23148821877.6706,0.0462205383171076,0.8827267
23159565376.6329,0.0461620177542851,0.883019
23170308875.5952,0.0461039812802013,0.8833125
23181052374.5574,0.0460464342822873,0.8836069
23191795873.5197,0.0459893817024825,0.8839024
23202539372.482,0.0459328280281528,0.8841988
23213282871.4443,0.045876777283813,0.8844962
23224026370.4065,0.0458212330236699,0.8847946
23234769869.3688,0.0457661983249956,0.8850939
23245513368.3311,0.0457116757823422,0.8853942
23256256867.2934,0.0456576675026002,0.8856957
23267000366.2556,0.0456041751009043,0.885998
23277743865.2179,0.0455511996973854,0.8863012
23288487364.1802,0.0454987419147636,0.8866054
23299230863.1425,0.0454468018767761,0.8869107
23309974362.1047,0.0453953792074293,0.8872167
23320717861.067,0.0453444730310638,0.8875238
23331461360.0293,0.0452940819732157,0.8878319
23342204858.9916,0.0452442041622591,0.8881408
23352948357.9538,0.045194837231808,0.8884508
23363691856.9161,0.0451459783238592,0.8887615
23374435355.8784,0.0450976240926512,0.8890733
23385178854.8407,0.0450497707092151,0.8893859
23395922353.803,0.0450024138665937,0.8896995
23406665852.7652,0.0449555487856984,0.890014
23417409351.7275,0.0449091702217807,0.8903293
23428152850.6898,0.0448632724714861,0.8906456
23438896349.6521,0.0448178493804643,0.8909628
23449639848.6143,0.0447728943515053,0.891281
23460383347.5766,0.0447284003531725,0.8915998
23471126846.5389,0.0446843599289042,0.8919197
23481870345.5012,0.0446407652065541,0.8922404
23492613844.4634,0.0445976079083427,0.8925618
23503357343.4257,0.0445548793611919,0.8928843
23514100842.388,0.0445125705074153,0.8932076
23524844341.3503,0.0444706719157382,0.8935316
23535587840.3125,0.0444291737926215,0.8938565
23546331339.2748,0.0443880659938663,0.8941823
23557074838.2371,0.0443473380364741,0.894509
23567818337.1994,0.0443069791107422,0.8948364
23578561836.1616,0.0442669780925732,0.8951648
23589305335.1239,0.0442273235559786,0.8954939
23600048834.0862,0.0441880037857585,0.8958237
23610792333.0485,0.0441490067903415,0.8961544
23621535832.0107,0.044110320314768,0.8964858
23632279330.973,0.0440719318538041,0.8968182
23643022829.9353,0.044033828665173,0.8971514
23653766328.8976,0.0439959977828916,0.8974853
23664509827.8598,0.0439584260307044,0.8978198
23675253326.8221,0.043921100035603,0.8981551
23685996825.7844,0.0438840062414266,0.8984914
23696740324.7467,0.0438471309225344,0.8988283
23707483823.709,0.0438104601975456,0.899166
23718227322.6712,0.0437739800431429,0.8995044
23728970821.6335,0.0437376763079353,0.8998436
23739714320.5958,0.043701534726377,0.9001833
23750457819.5581,0.0436655409327415,0.9005241
23761201318.5203,0.043629680475149,0.9008654
23771944817.4826,0.0435939388296458,0.9012074
23782688316.4449,0.0435583014143356,0.9015501
23793431815.4072,0.043522753603563,0.9018937
23804175314.3694,0.043487280742149,0.9022377
23814918813.3317,0.0434518681596779,0.9025826
23825662312.294,0.0434165011848382,0.9029279
23836405811.2563,0.0433811651598147,0.9032743
23847149310.2185,0.0433458454547351,0.9036211
23857892809.1808,0.0433105274821683,0.9039688
23868636308.1431,0.0432751967116747,0.9043168
23879379807.1054,0.0432398386844092,0.9046658
23890123306.0676,0.0432044390277722,0.9050151
23900866805.0299,0.0431689834701095,0.9053653
23911610303.9922,0.0431334578554566,0.9057161
23922353802.9545,0.0430978481583242,0.9060674
23933097301.9167,0.043062140498521,0.9064193
23943840800.879,0.0430263211560079,0.9067721
23954584299.8413,0.0429903765857775,0.9071252
23965327798.8036,0.0429542934327519,0.9074789
23976071297.7658,0.0429180585466902,0.9078333
23986814796.7281,0.0428816589970962,0.9081883
23997558295.6904,0.0428450820881161,0.9085436
24008301794.6527,0.0428083153734137,0.9088999
24019045293.6149,0.0427713466710113,0.9092565
24029788792.5772,0.042734164078081,0.9096136
24040532291.5395,0.0426967559856709,0.9099714
24051275790.5018,0.0426591110933512,0.9103295
24062019289.464,0.0426212184237604,0.9106885
24072762788.4263,0.0425830673370329,0.9110478
24083506287.3886,0.0425446475450894,0.9114075
24094249786.3509,0.0425059491257654,0.911768
24104993285.3131,0.0424669625367587,0.9121287
24115736784.2754,0.042427678629369,0.9124901
24126480283.2377,0.0423880886620075,0.9128519
24137223782.2,0.0423481843134476,0.9132142
24147967281.1623,0.0423079576957934,0.9135771
24158710780.1245,0.0422674013671348,0.9139403
24169454279.0868,0.0422265083438639,0.9143039
24180197778.0491,0.0421852721126198,0.9146681
24190941277.0114,0.0421436866418363,0.9150327
24201684775.9736,0.0421017463928573,0.9153977
24212428274.9359,0.0420594463305933,0.9157631
24223171773.8982,0.042016781933684,0.9161291
24233915272.8605,0.0419737492041387,0.9164951
24244658771.8227,0.0419303446764202,0.9168619
24255402270.785,0.0418865654259427,0.9172289
24266145769.7473,0.0418424090769512,0.9175963
24276889268.7096,0.0417978738097509,0.9179642
24287632767.6718,0.0417529583672573,0.9183322
24298376266.6341,0.0417076620608356,0.9187008
24309119765.5964,0.0416619847754003,0.9190695
24319863264.5587,0.0416159269737466,0.9194387
24330606763.5209,0.0415694897000867,0.9198083
24341350262.4832,0.0415226745827627,0.9201782
24352093761.4455,0.0414754838361142,0.9205483
24362837260.4078,0.0414279202614733,0.9209189
24373580759.37,0.0413799872472695,0.9212896
24384324258.3323,0.04133168876822,0.9216607
24395067757.2946,0.0412830293835905,0.9220321
24405811256.2569,0.0412340142345099,0.9224038
24416554755.2191,0.0411846490403228,0.9227756
24427298254.1814,0.0411349400939722,0.9231478
24438041753.1437,0.0410848942563994,0.9235203
24448785252.106,0.0410345189499584,0.9238929
24459528751.0682,0.0409838221508378,0.9242657
24470272250.0305,0.0409328123804919,0.9246389
24481015748.9928,0.0408814986960817,0.9250122
24491759247.9551,0.0408298906799309,0.9253857
24502502746.9173,0.0407779984280053,0.9257595
24513246245.8796,0.040725832537426,0.9261334
24523989744.8419,0.0406734040930316,0.9265072
24534733243.8042,0.0406207246530054,0.9268817
24545476742.7664,0.040567806233589,0.9272561
24556220241.7287,0.0405146612929057,0.9276307
24566963740.691,0.0404613027139194,0.9280053
24577707239.6533,0.0404077437865599,0.9283803
24588450738.6156,0.0403539981890463,0.9287551
24599194237.5778,0.0403000799684445,0.9291301
24609937736.5401,0.0402460035204964,0.9295053
24620681235.5024,0.0401917835687627,0.9298807
24631424734.4647,0.0401374351431223,0.930256
24642168233.4269,0.0400829735576731,0.9306315
24652911732.3892,0.040028414388085,0.931007
24663655231.3515,0.0399737734484524,0.9313824
24674398730.3138,0.0399190667677002,0.9317582
24685142229.276,0.0398643105655959,0.9321339
24695885728.2383,0.0398095212284237,0.9325094
24706629227.2006,0.0397547152843768,0.9328852
24717372726.1629,0.0396999093787249,0.9332607
24728116225.1251,0.0396451202488161,0.9336366
24738859724.0874,0.0395903646989705,0.9340121
24749603223.0497,0.0395356595753264,0.9343879
24760346722.012,0.0394810217406958,0.9347636
24771090220.9742,0.0394264680494907,0.9351392
24781833719.9365,0.0393720153227758,0.9355147
24792577218.8988,0.0393176803235076,0.9358902
24803320717.8611,0.0392634797320153,0.9362656
24814064216.8233,0.0392094301217792,0.9366408
24824807715.7856,0.0391555479355612,0.9370162
24835551214.7479,0.0391018494619394,0.9373913
24846294713.7102,0.0390483508122974,0.9377664
24857038212.6724,0.0389950678983175,0.9381414
24867781711.6347,0.0389420164100234,0.938516
24878525210.597,0.0388892117944169,0.9388908
24889268709.5593,0.0388366692347507,0.9392653
24900012208.5215,0.0387844036304738,0.9396397
24910755707.4838,0.0387324295778892,0.9400138
24921499206.4461,0.0386807613515531,0.9403879
24932242705.4084,0.0386294128864486,0.9407617
24942986204.3707,0.0385783977609598,0.9411352
24953729703.3329,0.0385277291806703,0.9415087
24964473202.2952,0.0384774199630074,0.9418818
24975216701.2575,0.0384274825227494,0.9422548
24985960200.2198,0.0383779288584106,0.9426274
24996703699.182,0.038328770539516,0.943
25007447198.1443,0.0382800186947731,0.9433722
25018190697.1066,0.0382316840011478,0.9437439
25028934196.0689,0.0381837766738454,0.9441157
25039677695.0311,0.0381363064571967,0.944487
25050421193.9934,0.0380892826164468,0.944858
25061164692.9557,0.0380427139304398,0.9452288
25071908191.918,0.0379966086851919,0.9455991
25082651690.8802,0.0379509746683413,0.9459692
25093395189.8425,0.0379058191644628,0.9463389
25104138688.8048,0.0378611489512313,0.9467083
25114882187.7671,0.0378169702964175,0.9470772
25125625686.7293,0.0377732889556967,0.9474458
25136369185.6916,0.0377301101712504,0.9478139
25147112684.6539,0.0376874386711382,0.9481819
25157856183.6162,0.037645278669417,0.948549
25168599682.5784,0.0376036338669832,0.9489161
25179343181.5407,0.0375625074531118,0.9492826
25190086680.503,0.0375219021076664,0.9496487
25200830179.4653,0.037481820003953,0.9500144
25211573678.4275,0.0374422628121901,0.9503796
25222317177.3898,0.0374032317035669,0.9507442
25233060676.3521,0.0373647273548622,0.9511084
25243804175.3144,0.0373267499535945,0.951472
25254547674.2766,0.0372892992036759,0.9518352
25265291173.2389,0.0372523743315421,0.9521979
25276034672.2012,0.0372159740927297,0.9525601
25286778171.1635,0.0371800967788737,0.9529216
25297521670.1257,0.037144740225099,0.9532827
25308265169.088,0.0371099018177788,0.9536431
25319008668.0503,0.0370755785026345,0.9540029
25329752167.0126,0.0370417667931517,0.954362
25340495665.9748,0.037008462779289,0.9547209
25351239164.9371,0.0369756621364558,0.9550789
25361982663.8994,0.0369433601347365,0.9554363
25372726162.8617,0.03691155164834,0.955793
25383469661.824,0.0368802311652546,0.9561493
25394213160.7862,0.0368493927970868,0.9565048
25404956659.7485,0.0368190302890692,0.9568596
25415700158.7108,0.0367891370302157,0.9572138
25426443657.6731,0.0367597060636116,0.9575672
25437187156.6353,0.0367307300968213,0.95792
25447930655.5976,0.0367022015123991,0.9582721
25458674154.5599,0.0366741123784914,0.9586232
25469417653.5222,0.0366464544595167,0.9589739
25480161152.4844,0.0366192192269128,0.9593238
25490904651.4467,0.0365923978699406,0.9596729
25501648150.409,0.0365659813065359,0.9600211
25512391649.3713,0.0365399601941992,0.9603687
25523135148.3335,0.0365143249409177,0.9607154
25533878647.2958,0.0364890657161111,0.9610613
25544622146.2581,0.0364641724615959,0.9614064
25555365645.2204,0.0364396349025632,0.9617507
25566109144.1826,0.0364154425585635,0.9620942
25576852643.1449,0.0363915847544971,0.9624367
25587596142.1072,0.0363680506316042,0.9627786
25598339641.0695,0.0363448291584524,0.9631193
25609083140.0317,0.0363219091419196,0.9634592
25619826638.994,0.0362992792381693,0.9637985
25630570137.9563,0.0362769279636164,0.9641365
25641313636.9186,0.0362548437058826,0.9644737
25652057135.8808,0.0362330147347393,0.9648101
25662800634.8431,0.0362114292130367,0.9651455
25673544133.8054,0.0361900752076185,0.9654799
25684287632.7677,0.0361689407002212,0.9658133
25695031131.7299,0.0361480135983559,0.9661458
25705774630.6922,0.0361272817461726,0.9664774
25716518129.6545,0.0361067329353054,0.9668079
25727261628.6168,0.0360863549156969,0.9671374
25738005127.579,0.0360661354064003,0.9674658
25748748626.5413,0.0360460621063582,0.9677932
25759492125.5036,0.0360261227051548,0.9681196
25770235624.4659,0.0360063048937393,0.9684449
25780979123.4282,0.0359865963751186,0.9687692
25791722622.3904,0.0359669848750147,0.9690924
25802466121.3527,0.035947458152484,0.9694145
25813209620.315,0.0359280040104941,0.9697353
25823953119.2773,0.0359086103064534,0.9700552
25834696618.2395,0.035889264962688,0.970374
25845440117.2018,0.0358699559768604,0.9706916
25856183616.1641,0.0358506714323241,0.9710081
25866927115.1264,0.0358313995084055,0.9713234
25877670614.0886,0.0358121284906083,0.9716375
25888414113.0509,0.0357928467807291,0.9719505
25899157612.0132,0.0357735429068777,0.9722622
25909901110.9755,0.0357542055333918,0.9725727
25920644609.9377,0.0357348234706361,0.9728822
25931388108.9,0.035715385684676,0.9731902
25942131607.8623,0.0356958813068127,0.9734971
25952875106.8246,0.0356762996429709,0.9738026
25963618605.7868,0.0356566301829239,0.974107
25974362104.7491,0.0356368626093459,0.9744101
25985105603.7114,0.035616986806676,0.974712
25995849102.6737,0.0355969928697815,0.9750124
26006592601.6359,0.0355768711124069,0.9753118
26017336100.5982,0.035556612075392,0.9756096
26028079599.5605,0.0355362065346475,0.975906
26038823098.5228,0.0355156455088701,0.9762013
26049566597.485,0.0354949202669841,0.9764951
26060310096.4473,0.0354740223352939,0.9767877
26071053595.4096,0.035452943504331,0.9770788
26081797094.3719,0.035431675835382,0.9773687
26092540593.3341,0.0354102116666819,0.977657
26103284092.2964,0.0353885436192566,0.977944
26114027591.2587,0.0353666646024026,0.9782295
26124771090.221,0.035344567818787,0.9785137
26135514589.1833,0.0353222467691563,0.9787962
26146258088.1455,0.035299695256639,0.9790775
26157001587.1078,0.0352769073906307,0.9793573
26167745086.0701,0.0352538775902491,0.9796356
26178488585.0324,0.035230600587348,0.9799125
26189232083.9946,0.0352070714290801,0.9801878
26199975582.9569,0.0351832854799996,0.9804615
26210719081.9192,0.035159238423696,0.9807339
26221462580.8815,0.0351349262639519,0.9810048
26232206079.8437,0.0351103453254196,0.9812741
26242949578.806,0.035085492253811,0.9815417
26253693077.7683,0.0350603640155981,0.981808
26264436576.7306,0.035034957897221,0.9820726
26275180075.6928,0.035009271503805,0.9823357
26285923574.6551,0.0349833027573842,0.9825971
26296667073.6174,0.034957049894638,0.982857
26307410572.5797,0.0349305114641405,0.9831152
26318154071.5419,0.034903686323131,0.983372
26328897570.5042,0.0348765736338104,0.983627
26339641069.4665,0.034849172859174,0.9838802
26350384568.4288,0.0348214837583881,0.984132
26361128067.391,0.0347935063817238,0.9843822
26371871566.3533,0.0347652410650598,0.9846305
26382615065.3156,0.0347366884239696,0.9848773
26393358564.2779,0.0347078493474065,0.9851223
26404102063.2401,0.0346787249910061,0.9853657
26414845562.2024,0.034649316770023,0.9856074
26425589061.1647,0.0346196263519204,0.9858474
26436332560.127,0.0345896556486355,0.9860855
26447076059.0892,0.0345594068085399,0.9863219
26457819558.0515,0.0345288822081183,0.9865566
26468563057.0138,0.0344980844433894,0.9867898
26479306555.9761,0.0344670163210918,0.9870209
26490050054.9383,0.0344356808496608,0.9872504
26500793553.9006,0.0344040812300198,0.987478
26511537052.8629,0.034372220846213,0.987704
26522280551.8252,0.0343401032559048,0.9879281
26533024050.7874,0.0343077321807711,0.9881503
26543767549.7497,0.0342751114968101,0.9883708
26554511048.712,0.0342422452245961,0.9885895
26565254547.6743,0.0342091375195048,0.9888062
26575998046.6366,0.0341757926619325,0.9890212
26586741545.5988,0.0341422150475371,0.9892343
26597485044.5611,0.0341084091775225,0.9894456
26608228543.5234,0.0340743796489928,0.9896548
26618972042.4857,0.0340401311453972,0.9898623
26629715541.4479,0.0340056684270897,0.9900678
26640459040.4102,0.0339709963220233,0.9902717
26651202539.3725,0.0339361197166012,0.9904734
26661946038.3348,0.0339010435467022,0.9906733
26672689537.297,0.0338657727889001,0.9908713
26683433036.2593,0.0338303124518941,0.9910673
26694176535.2216,0.0337946675681658,0.9912614
26704920034.1839,0.0337588431858775,0.9914537
26715663533.1461,0.0337228443610264,0.9916438
26726407032.1084,0.0336866761498654,0.9918319
26737150531.0707,0.0336503436016028,0.9920182
26747894030.033,0.03361385175139,0.9922026
26758637528.9952,0.0335772056136057,0.9923849
26769381027.9575,0.0335404101754438,0.9925652
26780124526.9198,0.0335034703908117,0.9927435
26790868025.8821,0.0334663911745415,0.9929197
26801611524.8443,0.0334291773969206,0.993094
26812355023.8066,0.0333918338785416,0.9932663
26823098522.7689,0.0333543653854744,0.9934365
26833842021.7312,0.0333167766247592,0.9936046
26844585520.6934,0.0332790722402209,0.9937707
26855329019.6557,0.0332412568086025,0.9939349
26866072518.618,0.0332033348360145,0.9940969
26876816017.5803,0.0331653107546972,0.9942568
26887559516.5425,0.0331271889200917,0.9944147
26898303015.5048,0.0330889736082133,0.9945705
26909046514.4671,0.0330506690133239,0.9947243
26919790013.4294,0.0330122792458941,0.994876
26930533512.3916,0.0329738083308505,0.9950254
26941277011.3539,0.0329352602060998,0.9951727
26952020510.3162,0.0328966387213218,0.9953181
26962764009.2785,0.0328579476370234,0.9954613
26973507508.2408,0.0328191906238453,0.9956023
26984251007.203,0.0327803712621124,0.9957412
26994994506.1653,0.0327414930416189,0.995878
27005738005.1276,0.0327025593616395,0.9960127
27016481504.0899,0.0326635735311565,0.9961451
27027225003.0521,0.0326245387692954,0.9962755
27037968502.0144,0.0325854582059575,0.9964036
27048712000.9767,0.0325463348826419,0.9965296
27059455499.939,0.0325071717534469,0.9966535
27070198998.9012,0.032467971686242,0.9967751
27080942497.8635,0.0324287374640011,0.9968947
27091685996.8258,0.0323894717862882,0.9970119
27102429495.7881,0.0323501772708868,0.997127
27113172994.7503,0.0323108564555645,0.9972399
27123916493.7126,0.032271511799963,0.9973506
27134659992.6749,0.0322321456876079,0.997459
27145403491.6372,0.0321927604280265,0.9975653
27156146990.5994,0.0321533582589687,0.9976693
27166890489.5617,0.0321139413487216,0.9977713
27177633988.524,0.0320745117985102,0.9978707
27188377487.4863,0.0320350716449767,0.9979681
27199120986.4485,0.0319956228627313,0.9980632
27209864485.4108,0.0319561673669666,0.9981562
27220607984.3731,0.0319167070161296,0.9982468
27231351483.3354,0.0318772436146418,0.9983352
27242094982.2976,0.0318377789156638,0.9984214
27252838481.2599,0.0317983146238937,0.9985052
27263581980.2222,0.0317588523983958,0.998587
27274325479.1845,0.03171939385545,0.9986663
27285068978.1467,0.031679940571417,0.9987435
27295812477.109,0.0316404940856107,0.9988182
27306555976.0713,0.0316010559031723,0.9988907
27317299475.0336,0.031561627497938,0.998961
27328042973.9958,0.0315222103152942,0.9990291
27338786472.9581,0.0314828057750116,0.9990948
27349529971.9204,0.031443415274053,0.9991583
27360273470.8827,0.031404040189345,0.9992194
27371016969.845,0.031364681880508,0.9992782
27381760468.8072,0.0313253416925357,0.9993348
27392503967.7695,0.0312860209584167,0.9993891
27403247466.7318,0.0312467210016903,0.9994411
27413990965.6941,0.0312074431389276,0.9994907
27424734464.6563,0.0311681886821306,0.9995381
27435477963.6186,0.0311289589410402,0.9995831
27446221462.5809,0.0310897552253436,0.9996259
27456964961.5432,0.031050578846775,0.9996664
27467708460.5054,0.0310114311210969,0.9997044
27478451959.4677,0.0309723133699563,0.9997403
27489195458.43,0.0309332269226038,0.9997738
27499938957.3923,0.0308941731174693,0.999805
27510682456.3545,0.0308551533035819,0.9998339
27521425955.3168,0.0308161688418267,0.9998605
27532169454.2791,0.0307772211060288,0.9998847
27542912953.2414,0.0307383114838542,0.9999067
27553656452.2036,0.0306994413775198,0.9999261
27564399951.1659,0.030660612204302,0.9999435
27575143450.1282,0.0306218253968363,0.9999583
27585886949.0905,0.0305830824031979,0.999971
27596630448.0527,0.0305443846867556,0.9999813
27607373947.015,0.0305057337257913,0.9999893
27618117445.9773,0.0304671310128755,0.999995
27628860944.9396,0.0304285780539944,0.9999983
27639604443.9018,0.0303900763674189,0.9999993
27650347942.8641,0.0303516274823112,0.999998
27661091441.8264,0.0303132329370628,0.9999943
27671834940.7887,0.0302748942773588,0.9999884
27682578439.7509,0.0302366130539648,0.99998
27693321938.7132,0.0301983908202331,0.9999694
27704065437.6755,0.0301602291293246,0.9999565
27714808936.6378,0.0301221295311474,0.9999412
27725552435.6,0.0300840935690089,0.9999236
27736295934.5623,0.030046122775984,0.9999037
27747039433.5246,0.0300082186710001,0.9998814
27757782932.4869,0.0299703827546418,0.9998568
27768526431.4492,0.0299326165046804,0.9998299
27779269930.4114,0.0298949213713321,0.9998009
27790013429.3737,0.0298572987722526,0.9997693
27800756928.336,0.0298197500872755,0.9997354
27811500427.2983,0.029782276652904,0.9996993
27822243926.2605,0.029744879756567,0.9996608
27832987425.2228,0.0297075606306499,0.9996201
27843730924.1851,0.029670320446316,0.999577
27854474423.1474,0.0296331603071306,0.9995316
27865217922.1096,0.0295960812425061,0.999484
27875961421.0719,0.0295590842009836,0.9994339
27886704920.0342,0.0295221700433703,0.9993816
27897448418.9965,0.0294853395357533,0.9993271
27908191917.9587,0.0294485933424093,0.9992702
27918935416.921,0.0294119320186332,0.9992111
27929678915.8833,0.029375356003509,0.9991496
27940422414.8456,0.0293388656126458,0.9990858
27951165913.8078,0.0293024610309059,0.9990197
27961909412.7701,0.029266142305148,0.9989514
27972652911.7324,0.0292299093370151,0.9988808
27983396410.6947,0.0291937618757911,0.9988079
27994139909.6569,0.0291576995113553,0.9987327
28004883408.6192,0.0291217216672624,0.9986553
28015626907.5815,0.0290858275939747,0.9985757
28026370406.5438,0.0290500163622762,0.9984937
28037113905.506,0.029014286856895,0.9984095
28047857404.4683,0.0289786377703628,0.998323
28058600903.4306,0.0289430675971383,0.9982343
28069344402.3929,0.0289075746280213,0.9981434
28080087901.3551,0.0288721569448846,0.9980501
28090831400.3174,0.028836812415748,0.9979547
28101574899.2797,0.02880153869022,0.997857
28112318398.242,0.0287663331953308,0.997757
28123061897.2042,0.0287311931317788,0.997655
28133805396.1665,0.0286961154706114,0.9975506
28144548895.1288,0.0286610969503617,0.997444
28155292394.0911,0.0286261340746579,0.9973353
28166035893.0534,0.028591223110323,0.9972242
28176779392.0156,0.0285563600859807,0.997111
28187522890.9779,0.0285215407911801,0.9969956
28198266389.9402,0.0284867607760517,0.9968781
28209009888.9025,0.0284520153515053,0.9967583
28219753387.8647,0.028417299589977,0.9966363
28230496886.827,0.0283826083267319,0.9965122
28241240385.7893,0.0283479361617282,0.9963859
28251983884.7516,0.0283132774620434,0.9962574
28262727383.7138,0.0282786263648653,0.9961268
28273470882.6761,0.0282439767810444,0.995994
28284214381.6384,0.0282093223992076,0.995859
28294957880.6007,0.028174656690425,0.9957219
28305701379.5629,0.0281399729134266,0.9955828
28316444878.5252,0.0281052641203585,0.9954414
28327188377.4875,0.0280705231630692,0.995298
28337931876.4498,0.0280357426999152,0.9951524
28348675375.412,0.0280009152030731,0.9950047
28359418874.3743,0.0279660329663429,0.9948548
28370162373.3366,0.0279310881134282,0.9947031
28380905872.2989,0.0278960726066765,0.9945489
28391649371.2611,0.0278609782562615,0.9943929
28402392870.2234,0.0278257967297889,0.9942347
28413136369.1857,0.0277905195623064,0.9940744
28423879868.148,0.0277551381666982,0.9939122
28434623367.1102,0.0277196438444418,0.9937479
28445366866.0725,0.0276840277967072,0.9935813
28456110365.0348,0.0276482811357763,0.9934129
28466853863.9971,0.0276123948967604,0.9932423
28477597362.9593,0.0275763600495935,0.9930699
28488340861.9216,0.0275401675112798,0.9928952
28499084360.8839,0.0275038081583723,0.9927186
28509827859.8462,0.0274672728396614,0.9925402
28520571358.8084,0.0274305523890502,0.9923596
28531314857.7707,0.0273936376385964,0.992177
28542058356.733,0.0273565194316982,0.9919925
28552801855.6953,0.0273191886364032,0.9918059
28563545354.6576,0.0272816361588212,0.9916173
28574288853.6198,0.0272438529566197,0.9914269
28585032352.5821,0.0272058300525818,0.9912345
28595775851.5444,0.0271675585482104,0.9910401
28606519350.5067,0.0271290296373572,0.9908438
28617262849.4689,0.0270902346198612,0.9906456
28628006348.4312,0.0270511649151783,0.9904456
28638749847.3935,0.0270118120759859,0.9902433
28649493346.3558,0.0269721678017472,0.9900394
28660236845.318,0.0269322239522189,0.9898334
28670980344.2803,0.026891972560889,0.9896258
28681723843.2426,0.0268514058483296,0.9894161
28692467342.2049,0.0268105162354516,0.9892046
28703210841.1671,0.0267692963566483,0.9889911
28713954340.1294,0.0267277390728152,0.988776
28724697839.0917,0.0266858374842342,0.9885589
28735441338.054,0.0266435849433101,0.9883401
28746184837.0162,0.0266009750671475,0.9881192
28756928335.9785,0.0265580017499584,0.9878969
28767671834.9408,0.0265146591752875,0.9876724
28778415333.9031,0.0264709418280464,0.9874462
28789158832.8653,0.0264268445063439,0.9872183
28799902331.8276,0.0263823623331039,0.9869888
28810645830.7899,0.0263374907674573,0.9867572
28821389329.7522,0.0262922256159004,0.986524
28832132828.7144,0.0262465630432059,0.986289
28842876327.6767,0.0262004995830767,0.9860523
28853619826.639,0.0261540321485309,0.9858137
28864363325.6013,0.026107158042006,0.9855736
28875106824.5635,0.0260598749651698,0.9853318
28885850323.5258,0.0260121810284266,0.9850882
28896593822.4881,0.0259640747601038,0.9848428
28907337321.4504,0.0259155551153074,0.9845959
28918080820.4126,0.0258666214844308,0.9843472
28928824319.3749,0.0258172737013034,0.9840969
28939567818.3372,0.0257675120509628,0.9838449
28950311317.2995,0.0257173372770362,0.9835913
28961054816.2617,0.0256667505887132,0.9833362
28971798315.224,0.0256157536672944,0.9830793
28982541814.1863,0.0255643486722971,0.9828208
28993285313.1486,0.0255125382471015,0.9825606
29004028812.1109,0.0254603255241166,0.9822991
29014772311.0731,0.0254077141294495,0.9820358
29025515810.0354,0.0253547081870551,0.981771
29036259308.9977,0.0253013123223494,0.9815045
29047002807.96,0.0252475316652629,0.9812366
29057746306.9222,0.0251933718527156,0.980967
29068489805.8845,0.025138839030491,0.980696
29079233304.8468,0.0250839398544878,0.9804237
29089976803.8091,0.0250286814913289,0.9801495
29100720302.7713,0.0249730716183048,0.9798739
29111463801.7336,0.0249171184226306,0.979597
29122207300.6959,0.0248608305999958,0.9793182
29132950799.6582,0.0248042173523842,0.9790382
29143694298.6204,0.0247472883851452,0.978757
29154437797.5827,0.0246900539032951,0.978474
29165181296.545,0.0246325246070291,0.9781897
29175924795.5073,0.024574711686426,0.977904
29186668294.4695,0.0245166268153263,0.9776168
29197411793.4318,0.0244582821443688,0.9773282
29208155292.3941,0.0243996902931682,0.9770383
29218898791.3564,0.0243408643416217,0.976747
29229642290.3186,0.0242818178203298,0.9764541
29240385789.2809,0.0242225647001211,0.9761602
29251129288.2432,0.0241631193806726,0.9758647
29261872787.2055,0.0241034966782174,0.9755679
29272616286.1677,0.0240437118123344,0.9752699
29283359785.13,0.0239837803918178,0.9749705
29294103284.0923,0.023923718399626,0.9746699
29304846783.0546,0.0238635421769108,0.9743677
29315590282.0168,0.0238032684061329,0.9740644
29326333780.9791,0.0237429140932709,0.9737601
29337077279.9414,0.0236824965491335,0.9734542
29347820778.9037,0.023622033369789,0.9731472
29358564277.866,0.0235615424161288,0.9728389
29369307776.8282,0.0235010417925839,0.9725294
29380051275.7905,0.0234405498250185,0.9722188
29390794774.7528,0.0233800850378254,0.9719068
29401538273.7151,0.0233196661302555,0.9715936
29412281772.6773,0.0232593119520108,0.9712793
29423025271.6396,0.023199041478142,0.9709638
29433768770.6019,0.0231388737832855,0.9706473
29444512269.5642,0.0230788280152879,0.9703294
29455255768.5264,0.0230189233682609,0.9700106
29465999267.4887,0.0229591790551184,0.9696906
29476742766.451,0.0228996142796476,0.9693695
29487486265.4133,0.0228402482081712,0.9690472
29498229764.3755,0.0227810999408587,0.9687239
29508973263.3378,0.0227221884827487,0.9683995
29519716762.3001,0.0226635327145463,0.9680741
29530460261.2624,0.0226051513632629,0.9677475
29541203760.2246,0.0225470629727662,0.96742
29551947259.1869,0.0224892858743119,0.9670913
29562690758.1492,0.0224318381571287,0.9667618
29573434257.1115,0.0223747376391318,0.9664311
29584177756.0737,0.0223180018378385,0.9660996
29594921255.036,0.0222616479415627,0.9657668
29605664753.9983,0.0222056927809636,0.9654332
29616408252.9606,0.0221501528010268,0.9650986
29627151751.9228,0.0220950440335526,0.9647632
29637895250.8851,0.0220403820702285,0.9644268
29648638749.8474,0.0219861820363604,0.9640895
29659382248.8097,0.0219324585653372,0.9637512
29670125747.7719,0.0218792257739009,0.963412
29680869246.7342,0.0218264972382926,0.9630719
29691612745.6965,0.0217742859713431,0.9627308
29702356244.6588,0.0217226044005746,0.9623889
29713099743.621,0.0216714643473751,0.9620463
29723843242.5833,0.0216208770073071,0.9617026
29734586741.5456,0.0215708529316057,0.9613582
29745330240.5079,0.0215214020099193,0.9610131
29756073739.4701,0.0214725334543417,0.960667
29766817238.4324,0.0214242557847796,0.9603201
29777560737.3947,0.0213765768156956,0.9599726
29788304236.357,0.0213295036442623,0.9596242
29799047735.3193,0.0212830426399571,0.959275
29809791234.2815,0.0212371994356238,0.958925
29820534733.2438,0.0211919789200216,0.9585743
29831278232.2061,0.0211473852318756,0.9582228
29842021731.1684,0.0211034217554398,0.9578707
29852765230.1306,0.021060091117577,0.9575179
29863508729.0929,0.0210173951863552,0.9571643
29874252228.0552,0.0209753350711541,0.9568101
29884995727.0175,0.0209339111242726,0.9564552
29895739225.9797,0.0208931229440201,0.9560995
29906482724.942,0.0208529693792709,0.9557433
29917226223.9043,0.0208134485354579,0.9553864
29927969722.8666,0.0207745577819739,0.955029
29938713221.8288,0.0207362937609479,0.9546706
29949456720.7911,0.0206986523973566,0.954312
29960200219.7534,0.0206616289104311,0.9539524
29970943718.7157,0.0206252178263111,0.9535927
29981687217.6779,0.0205894129918986,0.9532321
29992430716.6402,0.0205542075898605,0.9528711
30003174215.6025,0.0205195941547227,0.9525094
30013917714.5648,0.0204855645900024,0.9521473
30024661213.527,0.0204521101863166,0.9517846
30035404712.4893,0.0204192216404086,0.9514213
30046148211.4516,0.0203868890750293,0.9510575
30056891710.4139,0.0203551020596113,0.9506932
30067635209.3761,0.0203238496316714,0.9503284
30078378708.3384,0.0202931203188781,0.9499633
30089122207.3007,0.0202629021617201,0.9495976
30099865706.263,0.0202331827367117,0.9492314
30110609205.2252,0.0202039491800714,0.9488649
30121352704.1875,0.0201751882118125,0.9484979
30132096203.1498,0.0201468861601824,0.9481304
30142839702.1121,0.0201190289863918,0.9477627
30153583201.0743,0.0200916023095738,0.9473944
30164326700.0366,0.0200645914319169,0.9470258
30175070198.9989,0.0200379813639155,0.9466567
30185813697.9612,0.0200117568496857,0.9462873
30196557196.9235,0.0199859023922942,0.9459175
30207300695.8857,0.0199604022790523,0.9455475
30218044194.848,0.0199352406067279,0.9451771
30228787693.8103,0.0199104013066317,0.9448063
30239531192.7726,0.0198858681695359,0.9444352
30250274691.7348,0.0198616248703862,0.9440638
30261018190.6971,0.0198376549927711,0.9436922
30271761689.6594,0.0198139420531134,0.9433202
30282505188.6217,0.0197904695245535,0.942948
30293248687.5839,0.0197672208604948,0.9425755
30303992186.5462,0.0197441795177852,0.9422029
30314735685.5085,0.0197213289795092,0.9418297
30325479184.4708,0.0196986527773709,0.9414565
30336222683.433,0.0196761345136453,0.941083
30346966182.3953,0.0196537578826826,0.9407094
30357709681.3576,0.0196315066919492,0.9403356
30368453180.3199,0.0196093648825903,0.9399617
30379196679.2821,0.019587316549504,0.9395873
30389940178.2444,0.0195653459609154,0.939213
30400683677.2067,0.0195434375774413,0.9388385
30411427176.169,0.0195215760706397,0.9384639
30422170675.1312,0.0194997463410352,0.9380889
30432914174.0935,0.0194779335356171,0.937714
30443657673.0558,0.0194561230648049,0.9373391
30454401172.0181,0.0194343006188781,0.9369638
30465144670.9803,0.0194124521838659,0.9365885
30475888169.9426,0.0193905640568974,0.9362132
30486631668.9049,0.0193686228610071,0.9358376
30497375167.8672,0.0193466155593961,0.9354622
30508118666.8294,0.0193245294691474,0.9350867
30518862165.7917,0.0193023522743927,0.9347111
30529605664.754,0.0192800720389306,0.9343354
30540349163.7163,0.0192576772182944,0.9339597
30551092662.6786,0.0192351566712666,0.933584
30561836161.6408,0.0192124996708403,0.9332082
30572579660.6031,0.0191896959146229,0.9328327
30583323159.5654,0.0191667355346808,0.932457
30594066658.5277,0.0191436091068212,0.9320812
30604810157.4899,0.0191203076593079,0.9317055
30615553656.4522,0.019096822681006,0.93133
30626297155.4145,0.0190731461289522,0.9309545
30637040654.3768,0.0190492704353432,0.9305789
30647784153.339,0.0190251885139394,0.9302037
30658527652.3013,0.019000893765874,0.9298283
30669271151.2636,0.0189763800848644,0.9294531
30680014650.2259,0.0189516418618151,0.9290779
30690758149.1881,0.018926673988807,0.928703
30701501648.1504,0.0189014718624633,0.9283279
30712245147.1127,0.0188760313866843,0.9279532
30722988646.075,0.0188503489747422,0.9275784
30733732145.0372,0.0188244215507269,0.927204
30744475643.9995,0.0187982465503334,0.9268294
30755219142.9618,0.018771821920983,0.9264553
30765962641.9241,0.0187451461212674,0.9260811
30776706140.8863,0.0187182181197089,0.9257072
30787449639.8486,0.0186910373928263,0.9253336
30798193138.8109,0.0186636039225001,0.9249601
30808936637.7732,0.0186359181926279,0.9245868
30819680136.7354,0.018607981185064,0.9242138
30830423635.6977,0.0185797943748363,0.9238408
30841167134.66,0.0185513597246354,0.9234681
30851910633.6223,0.0185226796785713,0.9230959
30862654132.5845,0.0184937571551947,0.9227238
30873397631.5468,0.0184645955397795,0.9223518
30884141130.5091,0.0184351986758679,0.9219802
30894884629.4714,0.0184055708560759,0.9216089
30905628128.4336,0.0183757168121644,0.9212378
30916371627.3959,0.0183456417043768,0.920867
30927115126.3582,0.0183153511100505,0.9204966
30937858625.3205,0.0182848510115091,0.9201266
30948602124.2827,0.0182541477832447,0.9197566
30959345623.245,0.018223248178401,0.9193873
30970089122.2073,0.0181921593145711,0.9190182
30980832621.1696,0.018160888658926,0.9186492
30991576120.1319,0.0181294440126894,0.9182807
31002319619.0941,0.0180978334949805,0.9179126
31013063118.0564,0.0180660655260465,0.9175448
31023806617.0187,0.0180341488099076,0.9171775
31034550115.981,0.0180020923164426,0.9168106
31045293614.9432,0.0179699052629426,0.916444
31056037113.9055,0.0179375970951643,0.9160777
31066780612.8678,0.0179051774679146,0.915712
31077524111.8301,0.0178726562252038,0.9153467
31088267610.7923,0.0178400433800009,0.9149816
31099011109.7546,0.0178073490936339,0.9146172
31109754608.7169,0.017774583654872,0.9142531
31120498107.6792,0.0177417574587351,0.9138894
31131241606.6414,0.0177088809850731,0.9135262
31141985105.6037,0.0176759647769604,0.9131637
31152728604.566,0.0176430194189537,0.9128013
31163472103.5283,0.0176100555152599,0.9124396
31174215602.4905,0.0175770836678629,0.9120783
31184959101.4528,0.0175441144546609,0.9117177
31195702600.4151,0.0175111584076625,0.9113574
31206446099.3774,0.0174782259912944,0.9109976
31217189598.3396,0.0174453275808708,0.9106383
31227933097.3019,0.0174124734412762,0.9102795
31238676596.2642,0.0173796737059133,0.9099213
31249420095.2265,0.0173469383559662,0.9095637
31260163594.1887,0.0173142772000303,0.9092065
31270907093.151,0.0172816998541569,0.90885
31281650592.1133,0.0172492157223638,0.908494
31292394091.0756,0.0172168339776577,0.9081386
31303137590.0378,0.017184563543615,0.9077837
31313881089.0001,0.017152413076567,0.9074295
31324624587.9624,0.0171203909484322,0.9070758
31335368086.9247,0.0170885052302363,0.9067225
31346111585.8869,0.0170567636763612,0.9063701
31356855084.8492,0.0170251737095587,0.9060183
31367598583.8115,0.0169937424067647,0.9056669
31378342082.7738,0.0169624764857467,0.9053162
31389085581.7361,0.0169313822926141,0.9049662
31399829080.6983,0.0169004657902192,0.9046168
31410572579.6606,0.0168697325474739,0.9042681
31421316078.6229,0.0168391877296035,0.9039201
31432059577.5852,0.0168088360893568,0.9035728
31442803076.5474,0.0167786819591898,0.9032258
31453546575.5097,0.0167487292444342,0.9028798
31464290074.472,0.0167189814174634,0.9025344
31475033573.4343,0.0166894415128616,0.9021896
31485777072.3965,0.0166601121236012,0.9018456
31496520571.3588,0.0166309953982306,0.9015023
31507264070.3211,0.0166020930390696,0.9011595
31518007569.2834,0.0165734063014098,0.9008175
31528751068.2456,0.0165449359937123,0.9004763
31539494567.2079,0.0165166824787934,0.9001358
31550238066.1702,0.0164886456759861,0.8997959
31560981565.1325,0.0164608250642631,0.8994569
31571725064.0947,0.0164332196863034,0.8991186
31582468563.057,0.0164058281534852,0.8987811
31593212062.0193,0.0163786486517809,0.8984444
31603955560.9816,0.0163516789485341,0.8981082
31614699059.9438,0.0163249164000904,0.8977728
31625442558.9061,0.016298357960257,0.8974384
31636186057.8684,0.016272000189562,0.8971047
31646929556.8307,0.016245839265283,0.8967716
31657673055.7929,0.0162198709922144,0.8964395
31668416554.7552,0.0161940908141402,0.8961081
31679160053.7175,0.0161684938259797,0.8957775
31689903552.6798,0.0161430747865709,0.8954477
31700647051.642,0.0161178281320577,0.8951187
31711390550.6043,0.0160927479898439,0.8947906
31722134049.5666,0.0160678281930788,0.8944632
31732877548.5289,0.0160430622956377,0.8941367
31743621047.4911,0.0160184435875609,0.8938111
31754364546.4534,0.0159939651109139,0.8934861
31765108045.4157,0.0159696196760324,0.8931623
31775851544.378,0.0159453998781152,0.8928391
31786595043.3403,0.0159212981141296,0.8925168
31797338542.3025,0.0158973065999909,0.8921953
31808082041.2648,0.0158734173879829,0.8918747
31818825540.2271,0.0158496223843813,0.8915551
31829569039.1894,0.0158259133672479,0.8912363
31840312538.1516,0.0158022820043588,0.8909184
31851056037.1139,0.0157787198712343,0.8906015
31861799536.0762,0.015755218469237,0.8902853
31872543035.0385,0.0157317692437057,0.8899701
31883286534.0007,0.0157083636020932,0.8896558
31894030032.963,0.0156849929320773,0.8893422
31904773531.9253,0.0156616486196149,0.8890296
31915517030.8876,0.0156383220669083,0.8887181
31926260529.8498,0.015615004710257,0.8884073
31937004028.8121,0.0155916880377654,0.8880976
31947747527.7744,0.0155683636068793,0.8877887
31958491026.7367,0.0155450230617254,0.8874808
31969234525.6989,0.015521658150227,0.8871738
31979978024.6612,0.0154982607409707,0.8868679
31990721523.6235,0.015474822839801,0.8865627
32001465022.5858,0.0154513366061165,0.8862588
32012208521.548,0.0154277943688473,0.8859556
32022952020.5103,0.0154041886420881,0.8856535
32033695519.4726,0.0153805121403679,0.8853523
32044439018.4349,0.0153567577935324,0.885052
32055182517.3971,0.0153329187612198,0.8847529
32065926016.3594,0.0153089884469091,0.8844545
32076669515.3217,0.0152849605115211,0.8841574
32087413014.284,0.0152608288865528,0.8838611
32098156513.2462,0.0152365877867272,0.8835658
32108900012.2085,0.0152122317221381,0.8832714
32119643511.1708,0.0151877555098753,0.8829781
32130387010.1331,0.0151631542851097,0.882686
32141130509.0953,0.0151384235116233,0.8823947
32151874008.0576,0.0151135589917679,0.8821045
32162617507.0199,0.0150885568758351,0.8818154
32173361005.9822,0.0150634136708241,0.881527
32184104504.9445,0.015038126248591,0.8812399
32194848003.9067,0.0150126918533668,0.8809538
32205591502.869,0.014987108108629,0.8806688
32216335001.8313,0.0149613730233148,0.8803849
32227078500.7936,0.0149354849973632,0.8801018
32237821999.7558,0.0149094428265737,0.8798199
32248565498.7181,0.0148832457067722,0.879539
32259308997.6804,0.0148568932372712,0.8792593
32270052496.6427,0.0148303854236182,0.8789805
32280795995.6049,0.0148037226796204,0.8787029
32291539494.5672,0.0147769058286407,0.8784263
32302282993.5295,0.0147499361041568,0.8781508
32313026492.4918,0.0147228151495776,0.8778763
32323769991.454,0.0146955450173137,0.8776029
32334513490.4163,0.014668128167097,0.8773308
32345256989.3786,0.0146405674635472,0.8770596
32356000488.3409,0.0146128661729854,0.8767895
32366743987.3031,0.0145850279594934,0.8765206
32377487486.2654,0.014557056880221,0.8762528
32388230985.2277,0.0145289573799441,0.875986
32398974484.19,0.0145007342848774,0.8757203
32409717983.1522,0.014472392795749,0.8754557
32420461482.1145,0.0144439384801416,0.8751923
32431204981.0768,0.0144153772641115,0.87493
32441948480.0391,0.0143867154230947,0.8746688
32452691979.0013,0.0143579595721118,0.8744089
32463435477.9636,0.0143291166552863,0.87415
32474178976.9259,0.0143001939346901,0.8738922
32484922475.8882,0.0142711989785344,0.8736355
32495665974.8504,0.0142421396487233,0.8733801
32506409473.8127,0.0142130240877912,0.8731259
32517152972.775,0.0141838607052444,0.8728727
32527896471.7373,0.0141546581633314,0.8726205
32538639970.6995,0.0141254253622658,0.8723696
32549383469.6618,0.0140961714249284,0.8721199
32560126968.6241,0.0140669056810763,0.8718714
32570870467.5864,0.0140376376510881,0.8716239
32581613966.5487,0.0140083770292752,0.8713778
32592357465.5109,0.013979133666792,0.8711326
32603100964.4732,0.0139499175541774,0.8708887
32613844463.4355,0.0139207388035608,0.870646
32624587962.3978,0.01389160763057,0.8704045
32635331461.36,0.0138625343359745,0.8701642
32646074960.3223,0.0138335292871033,0.869925
32656818459.2846,0.013804602899073,0.869687
32667561958.2469,0.0137757656158667,0.8694502
32678305457.2091,0.0137470278912996,0.8692145
32689048956.1714,0.0137184001699133,0.8689802
32699792455.1337,0.0136898928678373,0.8687471
32710535954.096,0.0136615163536562,0.8685152
32721279453.0582,0.0136332809293243,0.8682843
32732022952.0205,0.0136051968111661,0.8680547
32742766450.9828,0.0135772741110021,0.8678264
32753509949.9451,0.0135495228174397,0.8675992
32764253448.9073,0.0135219527773672,0.8673732
32774996947.8696,0.0134945736776901,0.8671486
32785740446.8319,0.0134673950273455,0.8669251
32796483945.7942,0.0134404261396331,0.866703
32807227444.7564,0.0134136761148977,0.8664818
32817970943.7187,0.0133871538235986,0.8662621
32828714442.681,0.0133608678897986,0.8660434
32839457941.6433,0.0133348266751069,0.8658262
32850201440.6055,0.0133090382631063,0.8656102
32860944939.5678,0.0132835104442945,0.8653952
32871688438.5301,0.013258250701569,0.8651817
32882431937.4924,0.0132332661962827,0.8649694
32893175436.4546,0.013208563754895,0.8647581
32903918935.4169,0.0131841498562441,0.8645483
32914662434.3792,0.0131600306194616,0.8643397
32925405933.3415,0.0131362117925509,0.8641325
32936149432.3037,0.0131126987416496,0.8639262
32946892931.266,0.0130894964409912,0.8637215
32957636430.2283,0.0130666094635847,0.8635179
32968379929.1906,0.0130440419726241,0.8633156
32979123428.1529,0.0130217977136415,0.8631146
32989866927.1151,0.0129998800074145,0.8629149
33000610426.0774,0.0129782917436362,0.8627165
33011353925.0397,0.012957035375357,0.8625192
33022097424.002,0.0129361129142016,0.8623233
33032840922.9642,0.0129155259263683,0.8621287
33043584421.9265,0.0128952755294111,0.8619353
33054327920.8888,0.0128753623898069,0.8617431
33065071419.8511,0.0128557867213074,0.8615523
33075814918.8133,0.0128365482840735,0.8613629
33086558417.7756,0.0128176463845906,0.8611747
33097301916.7379,0.0127990798763583,0.8609877
33108045415.7002,0.0127808471613507,0.8608021
33118788914.6624,0.0127629461922398,0.8606178
33129532413.6247,0.0127453744753736,0.8604347
33140275912.587,0.0127281290745008,0.860253
33151019411.5493,0.0127112066152309,0.8600726
33161762910.5115,0.0126946032902193,0.8598934
33172506409.4738,0.0126783148650652,0.8597155
33183249908.4361,0.0126623366849093,0.859539
33193993407.3984,0.0126466636817174,0.8593637
33204736906.3606,0.0126312903822359,0.8591899
33215480405.3229,0.0126162109166032,0.8590174
33226223904.2852,0.0126014190276015,0.8588461
33236967403.2475,0.0125869080805325,0.8586761
33247710902.2097,0.0125726710736996,0.8585075
33258454401.172,0.0125587006494784,0.85834
33269197900.1343,0.0125449891059578,0.8581741
33279941399.0966,0.0125315284091331,0.8580095
33290684898.0588,0.0125183102056302,0.8578461
33301428397.0211,0.012505325835943,0.8576841
33312171895.9834,0.0124925663481624,0.8575234
33322915394.9457,0.012480022512177,0.857364
33333658893.9079,0.0124676848343232,0.857206
33344402392.8702,0.012455543572465,0.8570493
33355145891.8325,0.012443588751479,0.8568939
33365889390.7948,0.0124318101791252,0.8567398
33376632889.757,0.0124201974622774,0.8565872
33387376388.7193,0.0124087400234933,0.8564359
33398119887.6816,0.0123974271178976,0.8562858
33408863386.6439,0.0123862478503569,0.8561372
33419606885.6062,0.0123751911929187,0.8559898
33430350384.5684,0.0123642460024928,0.8558438
33441093883.5307,0.0123534010387472,0.8556992
33451837382.493,0.0123426449821933,0.855556
33462580881.4553,0.0123319664524352,0.855414
33473324380.4175,0.0123213540265543,0.8552735
33484067879.3798,0.0123107962576034,0.8551341
33494811378.3421,0.0123002816931815,0.8549963
33505554877.3044,0.0122897988940626,0.8548598
33516298376.2666,0.0122793364528467,0.8547247
33527041875.2289,0.0122688830126079,0.8545911
33537785374.1912,0.0122584272855052,0.8544586
33548528873.1535,0.0122479580713302,0.8543273
33559272372.1157,0.0122374642759578,0.8541978
33570015871.078,0.01222693492967,0.8540694
33580759370.0403,0.0122163592053219,0.8539425
33591502869.0026,0.0122057264363163,0.8538167
33602246367.9648,0.0121950261343569,0.8536925
33612989866.9271,0.0121842480069446,0.8535697
33623733365.8894,0.0121733819745874,0.8534482
33634476864.8517,0.0121624181876879,0.8533279
33645220363.8139,0.0121513470430768,0.8532094
33655963862.7762,0.0121401592001585,0.853092
33666707361.7385,0.0121288455966363,0.852976
33677450860.7008,0.0121173974637816,0.8528612
33688194359.663,0.0121058063412177,0.852748
33698937858.6253,0.0120940640911808,0.852636
33709681357.5876,0.0120821629122298,0.8525256
33720424856.5499,0.0120700953523693,0.8524165
33731168355.5121,0.0120578543215565,0.8523088
33741911854.4744,0.012045433103559,0.8522023
33752655353.4367,0.0120328253671353,0.8520974
33763398852.399,0.0120200251765064,0.8519938
33774142351.3613,0.0120070270010912,0.8518916
33784885850.3235,0.011993825724479,0.8517908
33795629349.2858,0.0119804166526105,0.8516913
33806372848.2481,0.011966795521146,0.8515933
33817116347.2104,0.0119529585019941,0.8514966
33827859846.1726,0.0119389022089818,0.8514013
33838603345.1349,0.0119246237026447,0.8513074
33849346844.0972,0.01191012049412,0.8512149
33860090343.0595,0.0118953905481254,0.8511238
33870833842.0217,0.0118804322850106,0.8510342
33881577340.984,0.01186524458187,0.8509458
33892320839.9463,0.011849826772706,0.8508589
33903064338.9086,0.0118341786476365,0.8507734
33913807837.8708,0.0118183004511429,0.8506893
33924551336.8331,0.0118021928793551,0.8506065
33935294835.7954,0.0117858570763753,0.8505253
33946038334.7577,0.0117692946296438,0.8504453
33956781833.7199,0.0117525075643528,0.8503666
33967525332.6822,0.0117354983369173,0.8502896
33978268831.6445,0.0117182698275153,0.8502139
33989012330.6068,0.0117008253317108,0.8501395
33999755829.569,0.0116831685511785,0.8500665
34010499328.5313,0.0116653035835491,0.8499951
34021242827.4936,0.0116472349113997,0.8499249
34031986326.4559,0.0116289673904131,0.8498563
34042729825.4181,0.0116105062367362,0.849789
34053473324.3804,0.0115918570135675,0.849723
34064216823.3427,0.0115730256170071,0.8496586
34074960322.305,0.0115540182612053,0.8495955
34085703821.2672,0.0115348414628484,0.8495339
34096447320.2295,0.0115155020250197,0.8494735
34107190819.1918,0.0114960070204814,0.8494147
34117934318.1541,0.0114763637744177,0.8493571
34128677817.1163,0.0114565798466869,0.8493011
34139421316.0786,0.0114366630136296,0.8492464
34150164815.0409,0.0114166212494795,0.8491932
34160908314.0032,0.0113964627074289,0.8491415
34171651812.9655,0.0113761957003969,0.8490911
34182395311.9277,0.0113558286815522,0.849042
34193138810.89,0.0113353702246432,0.8489944
34203882309.8523,0.0113148290041846,0.8489482
34214625808.8146,0.011294213775555,0.8489034
34225369307.7768,0.0112735333550551,0.84886
34236112806.7391,0.0112527965999793,0.8488181
34246856305.7014,0.0112320123887513,0.8487778
34257599804.6637,0.0112111896011727,0.8487386
34268343303.6259,0.0111903370988354,0.8487008
34279086802.5882,0.0111694637057444,0.8486647
34289830301.5505,0.0111485781891996,0.8486297
34300573800.5128,0.0111276892409796,0.8485963
34311317299.475,0.0111068054588738,0.8485643
34322060798.4373,0.0110859353286031,0.8485336
34332804297.3996,0.011065087206171,0.8485044
34343547796.3619,0.0110442693006824,0.8484766
34354291295.3241,0.0110234896576665,0.8484503
34365034794.2864,0.0110027561429394,0.8484253
34375778293.2487,0.0109820764270372,0.8484019
34386521792.211,0.0109614579702502,0.8483798
34397265291.1732,0.0109409080082856,0.848359
34408008790.1355,0.0109204335385846,0.8483397
34418752289.0978,0.0109000413073173,0.848322
34429495788.0601,0.0108797377970755,0.8483055
34440239287.0223,0.0108595292152831,0.8482904
34450982785.9846,0.010839421483341,0.8482768
34461726284.9469,0.0108194202265195,0.8482648
34472469783.9092,0.0107995307646125,0.8482538
34483213282.8714,0.010779758103363,0.8482445
34493956781.8337,0.0107601069266683,0.8482366
34504700280.796,0.0107405815895727,0.8482301
34515443779.7583,0.010721186112051,0.8482251
34526187278.7206,0.010701924173588,0.8482215
34536930777.6828,0.0106827991085545,0.8482192
34547674276.6451,0.0106638139023814,0.8482183
34558417775.6074,0.0106449711885292,0.848219
34569161274.5696,0.0106262732462532,0.8482208
34579904773.5319,0.0106077219991586,0.8482243
34590648272.4942,0.0105893190145434,0.8482292
34601391771.4565,0.0105710655035229,0.8482355
34612135270.4188,0.0105529623219292,0.8482432
34622878769.381,0.0105350099719811,0.8482522
34633622268.3433,0.0105172086047146,0.8482628
34644365767.3056,0.0104995580231675,0.8482747
34655109266.2679,0.0104820576863103,0.848288
34665852765.2301,0.0104647067137122,0.8483028
34676596264.1924,0.0104475038909362,0.8483191
34687339763.1547,0.0104304476756508,0.8483367
34698083262.117,0.0104135362044505,0.8483558
34708826761.0792,0.0103967673003744,0.8483762
34719570260.0415,0.0103801384811116,0.848398
34730313759.0038,0.0103636469678847,0.8484214
34741057257.9661,0.0103472896949986,0.848446
34751800756.9283,0.0103310633200449,0.8484722
34762544255.8906,0.0103149642347499,0.8484998
34773287754.8529,0.0102989885764539,0.8485286
34784031253.8152,0.0102831322402107,0.8485591
34794774752.7774,0.0102673908914946,0.8485909
34805518251.7397,0.010251759979501,0.8486241
34816261750.702,0.0102362347510284,0.8486587
34827005249.6643,0.0102208102649266,0.8486947
34837748748.6265,0.010205481407097,0.8487322
34848492247.5888,0.0101902429060295,0.848771
34859235746.5511,0.0101750893488588,0.8488113
34869979245.5134,0.0101600151979244,0.8488531
34880722744.4756,0.0101450148078148,0.8488962
34891466243.4379,0.0101300824428765,0.8489407
34902209742.4002,0.0101152122951688,0.8489867
34912953241.3625,0.0101003985028409,0.8490339
34923696740.3247,0.0100856351689089,0.8490826
34934440239.287,0.0100709163804095,0.8491328
34945183738.2493,0.0100562362279011,0.8491845
34955927237.2116,0.0100415888252887,0.8492374
34966670736.1739,0.0100269683299401,0.8492919
34977414235.1361,0.0100123689630642,0.8493477
34988157734.0984,0.00999778503031788,0.8494049
34998901233.0607,0.00998321094260693,0.8494635
35009644732.0229,0.00996864123704478,0.8495237
35020388230.9852,0.00995407059802997,0.8495851
35031131729.9475,0.00993949387840255,0.8496478
35041875228.9098,0.00992490612063641,0.8497122
35052618727.8721,0.00991030257802347,0.8497778
35063362226.8343,0.00989567873580312,0.8498449
35074105725.7966,0.00988103033218846,0.8499133
35084849224.7589,0.00986635337923893,0.8499833
35095592723.7212,0.00985164418352695,0.8500546
35106336222.6834,0.00983689936654427,0.8501272
35117079721.6457,0.009822115884792,0.8502013
35127823220.608,0.00980729104949633,0.8502769
35138566719.5703,0.00979242254589033,0.8503536
35149310218.5325,0.00977750845200083,0.8504322
35160053717.4948,0.00976254725687757,0.8505118
35170797216.4571,0.00974753787820065,0.8505929
35181540715.4194,0.00973247967920118,0.8506753
35192284214.3816,0.00971737248482863,0.8507591
35203027713.3439,0.00970221659709797,0.8508445
35213771212.3062,0.00968701280954864,0.8509312
35224514711.2685,0.0096717624207469,0.8510193
35235258210.2307,0.00965646724676309,0.8511088
35246001709.193,0.009641129632555,0.8511997
35256745208.1553,0.00962575246218876,0.8512918
35267488707.1176,0.00961033916782943,0.8513856
35278232206.0798,0.00959489373743371,0.8514805
35288975705.0421,0.00957942072107845,0.8515769
35299719204.0044,0.00956392523586018,0.8516748
35310462702.9667,0.00954841296930185,0.851774
35321206201.9289,0.00953289018120571,0.8518746
35331949700.8912,0.00951736370389286,0.8519765
35342693199.8535,0.00950184094077303,0.85208
35353436698.8158,0.00948632986319102,0.8521847
35364180197.778,0.00947083900549949,0.8522908
35374923696.7403,0.00945537745831175,0.8523982
35385667195.7026,0.00943995485989179,0.8525072
35396410694.6649,0.00942458138564392,0.8526175
35407154193.6272,0.00940926773566871,0.8527291
35417897692.5894,0.00939402512035729,0.8528421
35428641191.5517,0.00937886524400173,0.8529566
35439384690.514,0.00936380028640521,0.8530724
35450128189.4763,0.0093488428824817,0.8531895
35460871688.4385,0.00933400609984191,0.853308
35471615187.4008,0.00931930341436896,0.8534279
35482358686.3631,0.00930474868379488,0.8535492
35493102185.3254,0.00929035611929593,0.8536719
35503845684.2876,0.00927614025513362,0.8537959
35514589183.2499,0.00926211591637515,0.8539212
35525332682.2122,0.00924829818473662,0.8540481
35536076181.1745,0.00923470236259934,0.8541762
35546819680.1367,0.00922134393525969,0.8543056
35557563179.099,0.00920823853147987,0.8544365
35568306678.0613,0.00919540188241748,0.8545688
35579050177.0236,0.00918284977901854,0.8547023
35589793675.9858,0.00917059802796881,0.8548371
35600537174.9481,0.00915866240630538,0.8549736
35611280673.9104,0.00914705861479959,0.8551111
35622024172.8727,0.0091358022302298,0.8552501
35632767671.8349,0.00912490865667029,0.8553905
35643511170.7972,0.00911439307592974,0.8555322
35654254669.7595,0.00910427039727972,0.8556752
35664998168.7218,0.00909455520661942,0.8558196
35675741667.684,0.00908526171522896,0.8559654
35686485166.6463,0.00907640370826819,0.8561125
35697228665.6086,0.00906799449318282,0.856261
35707972164.5709,0.00906004684818221,0.8564107
35718715663.5331,0.00905257297095717,0.8565618
35729459162.4954,0.00904558442780681,0.8567141
35740202661.4577,0.00903909210334547,0.856868
35750946160.42,0.00903310615096,0.8570232
35761689659.3822,0.00902763594418756,0.8571796
35772433158.3445,0.00902269002918172,0.8573375
35783176657.3068,0.0090182760784326,0.8574966
35793920156.2691,0.00901440084590236,0.8576572
35804663655.2314,0.00901107012373364,0.8578188
35815407154.1936,0.00900828870068246,0.857982
35826150653.1559,0.00900606032242152,0.8581464
35836894152.1182,0.00900438765385209,0.8583124
35847637651.0805,0.00900327224355584,0.8584794
35858381150.0427,0.00900271449050864,0.8586479
35869124649.005,0.00900271361317053,0.8588175
35879868147.9673,0.00900326762105553,0.8589886
35890611646.9296,0.0090043732888761,0.859161
35901355145.8918,0.00900602613334661,0.8593346
35912098644.8541,0.00900822039271977,0.8595097
35922842143.8164,0.00901094900911999,0.859686
35933585642.7787,0.00901420361372704,0.8598634
35944329141.7409,0.00901797451485321,0.8600425
35955072640.7032,0.0090222506889473,0.8602228
35965816139.6655,0.00902701977454868,0.8604043
35976559638.6278,0.00903226806920591,0.860587
35987303137.59,0.00903798052936477,0.8607712
35998046636.5523,0.00904414077322298,0.8609567
36008790135.5146,0.00905073108654038,0.8611434
36019533634.4769,0.00905773243138702,0.8613313
36030277133.4391,0.00906512445780418,0.8615205
36041020632.4014,0.00907288551834862,0.8617113
36051764131.3637,0.00908099268548448,0.861903
36062507630.326,0.00908942177178353,0.8620961
36073251129.2882,0.00909814735289045,0.8622906
36083994628.2505,0.00910714279320728,0.8624864
36094738127.2128,0.00911638027424875,0.8626834
36105481626.1751,0.00912583082561854,0.8628815
36116225125.1373,0.00913546435855584,0.863081
36126968624.0996,0.00914524970200074,0.8632821
36137712123.0619,0.00915515464112722,0.8634841
36148455622.0242,0.00916514595829277,0.8636875
36159199120.9865,0.00917518947635452,0.8638918
36169942619.9487,0.00918525010430283,0.8640978
36180686118.911,0.00919529188516422,0.8643049
36191429617.8733,0.0092052780461271,0.8645133
36202173116.8356,0.009215171050845,0.8647231
36212916615.7978,0.00922493265387348,0.8649339
36223660114.7601,0.0092345239571978,0.865146
36234403613.7224,0.00924390546880994,0.8653594
36245147112.6847,0.00925303716329385,0.8655741
36255890611.6469,0.00926187854437912,0.8657899
36266634110.6092,0.0092703887094225,0.8660071
36277377609.5715,0.00927852641577754,0.8662254
36288121108.5338,0.0092862501490113,0.866445
36298864607.496,0.00929351819292625,0.8666658
36309608106.4583,0.00930028870134439,0.8668878
36320351605.4206,0.00930651977160782,0.8671111
36331095104.3829,0.00931216951974811,0.8673356
36341838603.3451,0.00931719615727368,0.8675613
36352582102.3074,0.00932155806952051,0.8677882
36363325601.2697,0.00932521389550802,0.8680164
36374069100.232,0.00932812260923664,0.8682457
36384812599.1942,0.00933024360235967,0.8684763
36395556098.1565,0.0093315367681553,0.8687083
36406299597.1188,0.00933196258671978,0.8689412
36417043096.0811,0.00933148221129584,0.8691753
36427786595.0433,0.00933005755564416,0.8694108
36438530094.0056,0.00932765138235845,0.8696473
36449273592.9679,0.00932422739201764,0.8698851
36460017091.9302,0.00931975031306092,0.870124
36470760590.8924,0.0093141859922642,0.8703642
36481504089.8547,0.00930750148568799,0.8706056
36492247588.817,0.00929966514995932,0.8708481
36502991087.7793,0.00929064673374204,0.8710917
36513734586.7415,0.00928041746924172,0.8713365
36524478085.7038,0.00926895016358364,0.8715826
36535221584.6661,0.00925621928989385,0.8718299
36545965083.6284,0.00924220107790594,0.8720781
36556708582.5907,0.009226873603908,0.8723277
36567452081.5529,0.00921021687983661,0.8725784
36578195580.5152,0.00919221294131763,0.8728305
36588939079.4775,0.00917284593444561,0.8730832
36599682578.4398,0.00915210220108728,0.8733374
36610426077.402,0.00912997036248723,0.8735928
36621169576.3643,0.00910644140094727,0.8738493
36631913075.3266,0.0090815087393449,0.8741066
36642656574.2888,0.00905516831824964,0.8743656
36653400073.2511,0.00902741867038997,0.8746254
36664143572.2134,0.00899826099221804,0.8748863
36674887071.1757,0.00896769921231312,0.8751484
36685630570.138,0.00893574005635944,0.8754116
36696374069.1002,0.00890239310842793,0.875676
36707117568.0625,0.00886767086828635,0.8759416
36717861067.0248,0.00883158880445599,0.8762081
36728604565.9871,0.00879416540272787,0.8764756
36739348064.9493,0.00875542220984496,0.8767443
36750091563.9116,0.00871538387205116,0.8770143
36760835062.8739,0.00867407816820108,0.8772854
36771578561.8362,0.00863153603711838,0.8775572
36782322060.7984,0.00858779159888292,0.8778306
36793065559.7607,0.00854288216972013,0.8781048
36803809058.723,0.00849684827015822,0.8783799
36814552557.6853,0.00844973362611097,0.8786565
36825296056.6475,0.0084015851625356,0.878934
36836039555.6098,0.00835245298930758,0.8792127
36846783054.5721,0.00830239037894538,0.8794922
36857526553.5344,0.00825145373581113,0.879773
36868270052.4966,0.00819970255640537,0.8800545
36879013551.4589,0.00814719938036805,0.8803373
36889757050.4212,0.00809400973179301,0.8806212
36900500549.3835,0.00804020205045995,0.880906
36911244048.3457,0.00798584761258772,0.8811919
36921987547.308,0.00793102044071537,0.881479
36932731046.2703,0.00787579720232406,0.8817669
36943474545.2326,0.00782025709682575,0.8820559
36954218044.1948,0.00776448173056198,0.8823461
36964961543.1571,0.00770855497948199,0.8826371
36975705042.1194,0.00765256283920387,0.8829293
36986448541.0817,0.00759659326220626,0.8832223
36997192040.0439,0.00754073598195441,0.8835165
37007935539.0062,0.00748508232383218,0.8838117
37018679037.9685,0.00742972500283509,0.8841075
37029422536.9308,0.00737475790807727,0.8844045
37040166035.8931,0.0073202758742802,0.8847027
37050909534.8553,0.00726637444054329,0.8850018
37061653033.8176,0.00721314959684697,0.8853019
37072396532.7799,0.00716069751890684,0.885603
37083140031.7422,0.0071091142921837,0.885905
37093883530.7044,0.00705849562605636,0.8862079
37104627029.6667,0.00700893655938089,0.8865119
37115370528.629,0.00696053115888891,0.8868168
37126114027.5913,0.00691337221211357,0.8871227
37136857526.5535,0.00686755091677211,0.8874294
37147601025.5158,0.00682315656877214,0.887737
37158344524.4781,0.00678027625123696,0.8880458
37169088023.4404,0.0067389945271589,0.8883553
37179831522.4026,0.00669939313847815,0.888666
37190575021.3649,0.00666155071454074,0.8889775
37201318520.3272,0.00662554249300424,0.8892897
37212062019.2895,0.006591440056325,0.8896031
37222805518.2517,0.00655931108696882,0.8899173
37233549017.214,0.00652921914443,0.8902324
37244292516.1763,0.00650122346701826,0.8905483
37255036015.1386,0.0064753788011734,0.8908653
37265779514.1008,0.00645173526079439,0.8911832
37276523013.0631,0.00643033821872272,0.8915018
37287266512.0254,0.00641122823210473,0.8918213
37298010010.9877,0.00639444100287895,0.8921416
37308753509.9499,0.00638000737410392,0.8924628
37319497008.9122,0.00636795336226984,0.8927851
37330240507.8745,0.00635830022513797,0.8931081
37340984006.8368,0.00635106456404076,0.893432
37351727505.799,0.00634625845896924,0.8937567
37362471004.7613,0.006343889634189,0.8940822
37373214503.7236,0.00634396165157885,0.8944086
37383958002.6859,0.00634647412839072,0.8947358
37394701501.6481,0.00635142297570087,0.8950639
37405445000.6104,0.00635880065346931,0.8953926
37416188499.5727,0.00636859643785869,0.8957222
37426931998.535,0.00638079669628665,0.8960528
37437675497.4973,0.00639538516560282,0.896384
37448418996.4595,0.00641234322879124,0.8967161
37459162495.4218,0.00643165018569738,0.8970489
37469905994.3841,0.00645328351346119,0.8973824
37480649493.3464,0.00647721911259525,0.8977169
37491392992.3086,0.00650343153497149,0.8980522
37502136491.2709,0.00653189419035963,0.8983879
37512879990.2332,0.0065625795285857,0.8987247
37523623489.1955,0.00659545919483682,0.8990622
37534366988.1577,0.00663050415611963,0.8994004
37545110487.12,0.00666768479737219,0.8997392
37555853986.0823,0.006706970986224,0.9000788
37566597485.0446,0.00674833210588696,0.9004194
37577340984.0068,0.00679173705613353,0.9007605
37588084482.9691,0.00683715422277111,0.9011023
37598827981.9314,0.00688455141644743,0.9014447
37609571480.8937,0.00693389578201591,0.901788
37620314979.8559,0.00698515368005032,0.902132
37631058478.8182,0.00703829054242033,0.9024767
37641801977.7805,0.00709327070412276,0.902822
37652545476.7428,0.00715005721380649,0.903168
37663288975.705,0.00720861162563139,0.9035146
37674032474.6673,0.00726889377526312,0.9038619
37684775973.6296,0.00733086154292775,0.9042098
37695519472.5919,0.00739447060653209,0.9045585
37706262971.5541,0.00745967418790158,0.9049079
37717006470.5164,0.007526422795196,0.9052578
37727749969.4787,0.00759466396453911,0.9056084
37738493468.441,0.00766434200384205,0.9059596
37749236967.4032,0.00773539774171563,0.9063113
37759980466.3655,0.00780776828425549,0.9066636
37770723965.3278,0.00788138678235053,0.9070165
37781467464.2901,0.00795618221201031,0.9073702
37792210963.2523,0.00803207917003735,0.9077243
37802954462.2146,0.00810899768718569,0.9080791
37813697961.1769,0.00818685306075224,0.9084345
37824441460.1392,0.00826555570834688,0.9087903
37835184959.1015,0.00834501104438042,0.909147
37845928458.0637,0.00842511938060389,0.9095037
37856671957.026,0.00850577585182614,0.9098616
37867415455.9883,0.00858687036773556,0.9102194
37878158954.9506,0.00866828759155611,0.9105783
37888902453.9128,0.00874990694607935,0.9109371
37899645952.8751,0.00883160264743582,0.9112968
37910389451.8374,0.0089132437667999,0.9116572
37921132950.7997,0.00899469432006577,0.9120179
37931876449.7619,0.00907581338538567,0.9123789
37942619948.7242,0.00915645524832851,0.9127407
37953363447.6865,0.00923646957429478,0.9131029
37964106946.6488,0.00931570160771418,0.9134656
37974850445.611,0.00939399239745329,0.9138286
37985593944.5733,0.00947117904777359,0.9141923
37996337443.5356,0.00954709499410158,0.9145563
38007080942.4979,0.00962157030280542,0.9149204
38017824441.4601,0.0096944319941127,0.9152853
38028567940.4224,0.00976550438725255,0.9156506
38039311439.3847,0.00983460946686073,0.9160163
38050054938.347,0.00990156726964888,0.9163827
38060798437.3092,0.00996619629030732,0.916749
38071541936.2715,0.0100283139055839,0.917116
38082285435.2338,0.0100877368154607,0.9174834
38093028934.1961,0.0101442815003335,0.9178511
38103772433.1583,0.0101977646930864,0.9182192
38114515932.1206,0.0102480038649484,0.9185876
38125259431.0829,0.0102948177240141,0.9189566
38136002930.0452,0.0103380267253137,0.9193255
38146746429.0074,0.0103774535913266,0.9196949
38157489927.9697,0.0104129238418445,0.9200645
38168233426.932,0.0104442663321099,0.9204345
38178976925.8943,0.0104713137981862,0.9208051
38189720424.8566,0.0104939034085466,0.9211757
38200463923.8188,0.0105118773209163,0.9215467
38211207422.7811,0.0105250832434562,0.921918
38221950921.7434,0.0105333749994426,0.9222897
38232694420.7057,0.0105366130946737,0.9226615
38243437919.6679,0.0105346652869311,0.9230335
38254181418.6302,0.0105274071569269,0.9234059
38264924917.5925,0.0105147226802981,0.9237785
38275668416.5548,0.0104965048003508,0.9241512
38286411915.517,0.0104726560014277,0.9245243
38297155414.4793,0.0104430888829561,0.9248975
38307898913.4416,0.0104077267344565,0.9252709
38318642412.4039,0.0103665041120305,0.9256446
38329385911.3661,0.0103193674171251,0.9260185
38340129410.3284,0.0102662754786795,0.9263925
38350872909.2907,0.0102072001401092,0.9267668
38361616408.253,0.010142126852967,0.9271412
38372359907.2152,0.010071055279557,0.9275157
38383103406.1775,0.00999399990725337,0.9278903
38393846905.1398,0.00991099067780763,0.9282652
38404590404.1021,0.0098220736355123,0.92864
38415333903.0643,0.00972731159872427,0.9290149
38426077402.0266,0.00962678485994651,0.9293903
38436820900.9889,0.00952059192041202,0.9297654
38447564399.9512,0.00940885026590731,0.9301407
38458307898.9134,0.00929169719140356,0.9305162
38469051397.8757,0.00916929068291254,0.9308916
38479794896.838,0.00904181036582559,0.9312672
38490538395.8003,0.00890945852978328,0.9316428
38501281894.7625,0.00877246124079962,0.9320182
38512025393.7248,0.00863106955183969,0.9323941
38522768892.6871,0.00848556082319796,0.9327699
38533512391.6494,0.00833624016367281,0.9331455
38544255890.6116,0.00818344200244667,0.9335212
38554999389.5739,0.00802753179943906,0.9338967
38565742888.5362,0.00786890789828344,0.9342726
38576486387.4985,0.00770800352043173,0.9346483
38587229886.4608,0.00754528889050805,0.9350237
38597973385.423,0.00738127347102905,0.9353993
38608716884.3853,0.00721650826790339,0.9357749
38619460383.3476,0.00705158814546273,0.9361502
38630203882.3099,0.00688715405977729,0.9365256
38640947381.2721,0.0067238950802916,0.9369011
38651690880.2344,0.00656255002125454,0.9372761
38662434379.1967,0.00640390844554061,0.9376513
38673177878.159,0.006248810735105,0.9380263
38683921377.1212,0.00609814684751721,0.9384009
38694664876.0835,0.00595285330317476,0.9387759
38705408375.0458,0.00581390788394692,0.9391505
38716151874.0081,0.00568232148790989,0.9395247
38726895372.9703,0.00555912659930227,0.9398988
38737638871.9326,0.00544536192525533,0.940273
38748382370.8949,0.00534205294903521,0.9406468
38759125869.8572,0.00525018847381476,0.9410205
38769869368.8194,0.00517069368295627,0.9413941
38780612867.7817,0.00510440079268145,0.9417673
38791356366.744,0.00505201895073654,0.9421404
38802099865.7063,0.00501410553113122,0.9425131
38812843364.6685,0.00499104125984541,0.9428856
38823586863.6308,0.00498301156259376,0.943258
38834330362.5931,0.00498999609302458,0.9436299
38845073861.5554,0.00501176760896982,0.9440016
38855817360.5176,0.00504790034447629,0.9443731
38866560859.4799,0.00509778697351506,0.9447442
38877304358.4422,0.00516066238491431,0.945115
38888047857.4045,0.00523563194235613,0.9454854
38898791356.3667,0.0053217017503814,0.9458554
